service_id,customer_id,internet_service,streaming_tv,online_security,online_backup,tech_support,device_protection,phone_service,multiple_lines
1,1,DSL,0,0,1,0,1,1,0
2,2,Cable,0,0,1,0,1,1,1
3,3,DSL,0,1,0,0,1,1,0
4,4,No Internet,1,1,0,0,0,1,1
5,5,Cable,0,0,1,0,0,0,0
6,6,Cable,0,1,0,0,1,0,0
7,7,Cable,0,1,0,0,0,1,1
8,8,Cable,0,0,1,0,1,0,0
9,9,Cable,1,0,1,1,1,1,1
10,10,Cable,1,1,1,0,1,1,1
11,11,Fiber,1,1,1,0,1,0,0
12,12,Cable,0,0,0,1,0,0,0
13,13,Cable,1,0,0,1,1,0,0
14,14,No Internet,1,1,1,1,1,1,0
15,15,Fiber,1,1,0,0,1,1,0
16,16,Cable,1,0,0,1,0,1,0
17,17,DSL,1,1,1,1,1,0,0
18,18,Cable,1,1,1,0,1,0,0
19,19,DSL,1,0,0,1,0,1,0
20,20,DSL,1,0,0,1,1,1,1
21,21,DSL,1,0,0,0,1,1,0
22,22,Cable,1,1,0,0,1,0,0
23,23,DSL,0,0,0,0,0,1,0
24,24,No Internet,1,1,0,1,1,0,0
25,25,DSL,0,1,0,1,1,1,0
26,26,No Internet,1,1,1,0,1,1,1
27,27,DSL,1,0,1,0,1,0,0
28,28,DSL,0,0,0,1,0,0,0
29,29,Fiber,1,1,0,1,0,1,1
30,30,Cable,1,1,0,0,1,1,1
31,31,DSL,1,1,1,0,0,1,1
32,32,Fiber,1,0,0,1,0,1,0
33,33,Cable,1,0,1,0,1,0,0
34,34,Fiber,1,1,0,1,1,1,1
35,35,Cable,1,1,0,0,1,1,1
36,36,DSL,0,0,1,0,1,1,1
37,37,Cable,0,1,0,0,0,0,0
38,38,Fiber,1,0,1,0,1,1,0
39,39,No Internet,1,0,1,0,0,1,1
40,40,No Internet,1,1,0,1,1,0,0
41,41,No Internet,1,1,0,1,1,1,1
42,42,Cable,1,1,0,0,0,0,0
43,43,Fiber,0,0,1,1,0,0,0
44,44,No Internet,0,1,0,1,0,1,1
45,45,DSL,0,0,0,1,1,1,1
46,46,No Internet,1,1,1,0,1,1,0
47,47,DSL,0,1,0,0,1,0,0
48,48,No Internet,1,0,1,0,0,1,0
49,49,Cable,1,1,1,0,1,1,1
50,50,No Internet,1,0,1,1,1,0,0
51,51,No Internet,0,1,1,1,0,0,0
52,52,Cable,0,1,1,0,1,0,0
53,53,DSL,1,1,1,1,0,1,0
54,54,No Internet,1,0,0,1,1,1,0
55,55,DSL,0,1,1,0,0,1,1
56,56,No Internet,0,0,1,0,1,1,1
57,57,DSL,1,0,1,1,0,1,1
58,58,Cable,0,1,0,1,1,0,0
59,59,DSL,1,1,0,0,1,1,0
60,60,No Internet,0,0,0,0,1,0,0
61,61,Cable,0,1,0,1,0,0,0
62,62,Cable,0,1,0,1,0,1,1
63,63,No Internet,1,1,0,0,0,1,0
64,64,Fiber,0,1,0,0,0,1,1
65,65,No Internet,1,0,1,1,0,1,0
66,66,Fiber,1,0,1,1,0,0,0
67,67,DSL,0,1,0,1,0,0,0
68,68,DSL,1,1,0,0,1,1,0
69,69,Fiber,1,1,0,1,0,1,0
70,70,No Internet,1,0,1,0,0,0,0
71,71,No Internet,0,1,0,0,0,0,0
72,72,Fiber,1,1,0,0,0,0,0
73,73,Fiber,0,1,0,0,0,0,0
74,74,No Internet,1,1,1,1,1,0,0
75,75,Fiber,1,0,0,1,1,1,0
76,76,DSL,0,0,0,0,1,1,0
77,77,Fiber,0,0,0,0,1,1,1
78,78,Fiber,1,0,1,1,1,1,0
79,79,DSL,1,1,0,1,1,0,0
80,80,Fiber,0,1,1,0,0,1,1
81,81,Fiber,1,1,0,1,0,0,0
82,82,Cable,0,0,1,0,1,1,1
83,83,No Internet,0,1,0,0,1,1,0
84,84,DSL,0,0,1,1,0,1,1
85,85,Cable,0,1,0,0,0,0,0
86,86,Cable,0,1,0,0,0,0,0
87,87,DSL,0,1,1,1,0,1,1
88,88,DSL,0,1,1,0,0,1,0
89,89,Cable,0,0,0,0,1,0,0
90,90,No Internet,0,0,1,1,0,0,0
91,91,No Internet,1,0,0,0,0,0,0
92,92,Fiber,0,1,1,0,0,1,0
93,93,Cable,1,1,0,0,1,1,0
94,94,Cable,0,0,1,1,1,0,0
95,95,Cable,1,0,1,0,1,1,0
96,96,Cable,1,1,1,0,1,0,0
97,97,Cable,1,1,0,0,0,1,0
98,98,No Internet,1,0,0,1,1,0,0
99,99,No Internet,1,0,0,1,0,1,1
100,100,Fiber,0,0,0,0,1,0,0
101,101,Fiber,0,1,1,0,0,1,0
102,102,No Internet,1,1,0,0,1,1,1
103,103,Fiber,1,1,1,0,1,0,0
104,104,No Internet,1,0,0,0,1,1,0
105,105,Fiber,1,0,1,0,0,1,1
106,106,No Internet,1,1,1,0,1,1,0
107,107,Fiber,1,0,1,0,0,1,0
108,108,DSL,0,1,0,1,0,0,0
109,109,Cable,0,0,0,0,0,0,0
110,110,DSL,1,1,0,1,1,1,0
111,111,DSL,1,0,1,1,0,0,0
112,112,Fiber,1,0,0,1,1,1,1
113,113,Fiber,1,0,1,1,0,0,0
114,114,Fiber,0,0,1,1,1,1,0
115,115,Fiber,1,1,0,1,0,1,1
116,116,Fiber,1,1,0,0,1,0,0
117,117,Fiber,1,0,0,1,0,1,1
118,118,No Internet,0,0,0,1,1,0,0
119,119,Cable,0,1,0,0,1,1,1
120,120,Fiber,0,1,0,1,0,1,0
121,121,Fiber,0,0,1,1,1,0,0
122,122,DSL,0,1,0,1,0,0,0
123,123,Cable,1,0,0,1,0,1,1
124,124,Fiber,0,0,1,1,0,1,1
125,125,No Internet,0,0,1,0,1,0,0
126,126,DSL,1,0,0,0,1,0,0
127,127,DSL,1,1,0,0,0,0,0
128,128,DSL,1,1,0,1,0,0,0
129,129,Cable,0,1,0,1,1,0,0
130,130,No Internet,1,0,1,1,1,1,0
131,131,DSL,1,1,1,0,0,1,1
132,132,No Internet,1,0,0,1,1,1,1
133,133,No Internet,1,0,1,1,1,1,1
134,134,No Internet,0,1,1,1,1,0,0
135,135,Cable,0,1,1,0,0,0,0
136,136,Cable,0,1,1,0,1,0,0
137,137,DSL,0,0,0,0,0,1,0
138,138,Cable,1,0,1,1,1,0,0
139,139,No Internet,1,0,1,0,0,1,1
140,140,Cable,0,1,1,0,1,1,1
141,141,DSL,0,1,0,0,1,0,0
142,142,Cable,1,0,1,1,0,1,0
143,143,DSL,1,0,1,0,0,0,0
144,144,Cable,1,1,1,0,1,1,0
145,145,No Internet,0,1,0,1,1,1,1
146,146,No Internet,1,0,0,0,0,0,0
147,147,Fiber,1,1,0,1,0,1,1
148,148,DSL,1,1,1,1,1,1,1
149,149,No Internet,0,1,0,1,0,1,1
150,150,DSL,1,1,1,0,0,1,1
151,151,DSL,0,1,0,1,1,0,0
152,152,No Internet,1,1,1,1,0,0,0
153,153,Fiber,1,1,0,1,1,1,0
154,154,Fiber,0,1,1,0,0,0,0
155,155,Fiber,0,1,1,1,0,1,0
156,156,Fiber,0,1,1,1,0,0,0
157,157,No Internet,0,1,0,1,0,1,1
158,158,Cable,1,1,1,0,0,0,0
159,159,No Internet,1,0,0,0,1,0,0
160,160,No Internet,1,0,0,0,0,1,0
161,161,Fiber,0,0,1,1,1,0,0
162,162,DSL,1,1,0,1,1,1,1
163,163,DSL,0,0,1,0,1,1,0
164,164,Fiber,0,0,1,1,1,1,0
165,165,Cable,1,0,0,0,0,1,1
166,166,Cable,1,0,0,0,0,0,0
167,167,DSL,0,1,0,0,1,0,0
168,168,DSL,1,0,1,0,0,1,0
169,169,Fiber,1,1,1,0,0,1,1
170,170,Fiber,1,0,1,0,0,0,0
171,171,Cable,1,1,0,1,0,1,0
172,172,DSL,1,1,1,0,1,0,0
173,173,DSL,1,1,0,1,0,0,0
174,174,Fiber,0,1,0,1,1,0,0
175,175,Cable,0,0,1,1,0,0,0
176,176,No Internet,0,0,0,1,1,0,0
177,177,No Internet,1,0,0,0,1,0,0
178,178,Cable,1,1,1,1,1,1,1
179,179,DSL,1,1,1,1,1,1,0
180,180,DSL,1,1,1,0,0,0,0
181,181,DSL,1,1,1,1,0,0,0
182,182,Fiber,0,1,0,1,0,0,0
183,183,Fiber,1,1,0,1,1,1,0
184,184,No Internet,1,0,0,0,0,0,0
185,185,DSL,0,1,1,0,0,1,1
186,186,Cable,1,0,1,0,0,1,0
187,187,Cable,0,0,1,0,1,0,0
188,188,Cable,1,1,0,1,0,1,1
189,189,DSL,1,0,1,1,1,0,0
190,190,DSL,1,0,1,0,0,1,0
191,191,DSL,0,1,0,0,0,1,1
192,192,Fiber,1,0,1,0,1,1,1
193,193,DSL,0,0,0,0,1,1,1
194,194,Cable,0,0,0,0,0,1,0
195,195,DSL,0,1,0,1,0,1,0
196,196,No Internet,0,0,0,0,0,1,1
197,197,DSL,0,1,0,1,1,1,0
198,198,DSL,0,0,1,1,0,1,1
199,199,No Internet,1,1,1,0,1,0,0
200,200,Cable,0,0,0,0,1,0,0
201,201,Fiber,1,0,0,0,0,1,0
202,202,Cable,1,0,1,1,1,0,0
203,203,Fiber,1,1,0,0,1,0,0
204,204,No Internet,1,1,0,1,1,1,0
205,205,Fiber,1,1,0,1,1,0,0
206,206,Fiber,1,1,0,0,1,1,0
207,207,DSL,1,0,1,0,1,0,0
208,208,DSL,1,1,0,1,0,0,0
209,209,No Internet,0,0,1,0,0,0,0
210,210,No Internet,1,0,1,1,0,1,0
211,211,Fiber,1,1,1,1,0,0,0
212,212,No Internet,1,0,1,0,0,0,0
213,213,No Internet,1,0,0,1,1,1,1
214,214,DSL,1,0,0,1,1,0,0
215,215,DSL,0,0,0,0,0,1,0
216,216,Cable,0,0,0,0,0,1,1
217,217,Cable,1,0,0,1,0,1,0
218,218,DSL,0,1,0,1,0,1,1
219,219,DSL,0,0,1,1,0,1,0
220,220,Fiber,1,0,1,0,1,0,0
221,221,No Internet,1,0,0,0,0,1,1
222,222,Cable,0,1,0,0,1,1,1
223,223,Fiber,0,1,0,0,1,0,0
224,224,No Internet,0,0,0,0,0,0,0
225,225,No Internet,0,0,1,0,1,1,1
226,226,Cable,0,1,1,0,0,0,0
227,227,Cable,1,0,0,0,0,0,0
228,228,Cable,0,0,1,0,1,0,0
229,229,Cable,0,1,0,1,0,1,1
230,230,Cable,1,0,0,0,1,0,0
231,231,Cable,1,0,1,0,0,1,1
232,232,DSL,0,0,0,0,0,1,0
233,233,DSL,1,1,0,0,0,0,0
234,234,Cable,1,0,1,1,1,0,0
235,235,Fiber,0,0,1,0,0,1,0
236,236,Fiber,1,1,1,1,1,0,0
237,237,No Internet,0,0,1,1,1,1,1
238,238,No Internet,1,1,1,1,0,0,0
239,239,DSL,1,1,1,1,0,0,0
240,240,Cable,1,0,0,1,1,0,0
241,241,DSL,0,0,0,1,0,0,0
242,242,Cable,1,0,1,0,0,0,0
243,243,Cable,0,1,1,1,1,1,0
244,244,Cable,0,0,1,1,1,1,0
245,245,Fiber,0,1,0,1,1,1,0
246,246,Fiber,0,0,0,1,1,1,0
247,247,Fiber,1,1,1,0,1,1,1
248,248,Fiber,1,1,1,0,0,1,0
249,249,Fiber,1,0,0,1,1,0,0
250,250,No Internet,0,1,1,0,0,1,1
251,251,Cable,0,1,1,0,1,1,1
252,252,DSL,0,1,0,1,0,1,0
253,253,No Internet,1,0,0,0,1,0,0
254,254,Cable,1,1,1,0,0,0,0
255,255,Fiber,0,1,1,1,0,0,0
256,256,No Internet,0,0,0,1,1,0,0
257,257,DSL,0,1,0,0,1,0,0
258,258,Cable,0,0,1,1,0,0,0
259,259,DSL,1,1,0,0,0,1,1
260,260,Fiber,0,0,1,1,0,1,0
261,261,DSL,1,0,1,0,1,0,0
262,262,Fiber,0,1,1,1,0,1,0
263,263,Cable,0,1,1,0,1,1,0
264,264,DSL,0,1,1,0,1,1,1
265,265,No Internet,1,0,0,1,0,0,0
266,266,Cable,0,0,0,1,0,0,0
267,267,No Internet,0,0,1,1,0,1,1
268,268,No Internet,1,0,0,0,0,0,0
269,269,Fiber,1,1,1,0,0,1,1
270,270,Cable,0,1,0,1,0,0,0
271,271,No Internet,1,0,0,1,0,1,1
272,272,DSL,0,0,0,0,0,1,0
273,273,Cable,0,0,0,1,0,0,0
274,274,Cable,0,1,0,1,1,1,1
275,275,DSL,1,0,0,1,0,0,0
276,276,No Internet,1,1,1,1,0,0,0
277,277,Cable,0,0,0,0,1,1,0
278,278,No Internet,0,1,1,1,1,1,0
279,279,Cable,1,1,1,1,0,1,0
280,280,Cable,1,0,0,0,0,1,0
281,281,DSL,1,1,0,1,1,0,0
282,282,No Internet,1,1,0,1,1,0,0
283,283,DSL,0,0,0,1,0,0,0
284,284,DSL,0,1,1,0,0,0,0
285,285,No Internet,1,0,0,1,1,0,0
286,286,No Internet,0,0,1,1,1,0,0
287,287,Cable,0,1,1,1,0,1,1
288,288,DSL,1,1,0,1,1,1,0
289,289,DSL,0,1,1,1,0,1,1
290,290,Fiber,0,0,0,0,0,1,0
291,291,DSL,0,1,0,1,1,1,0
292,292,DSL,0,0,1,0,0,1,1
293,293,No Internet,1,1,1,0,0,0,0
294,294,Cable,0,1,1,1,1,0,0
295,295,DSL,0,0,1,0,0,1,0
296,296,No Internet,0,1,1,1,0,1,0
297,297,Cable,0,1,0,1,1,0,0
298,298,Fiber,0,1,1,1,1,0,0
299,299,Fiber,0,0,0,0,1,0,0
300,300,Fiber,0,0,1,1,1,1,1
301,301,No Internet,1,1,1,0,0,1,0
302,302,DSL,1,1,1,1,1,0,0
303,303,DSL,0,1,0,0,0,0,0
304,304,Cable,1,0,1,1,1,0,0
305,305,Cable,1,0,0,0,0,0,0
306,306,Fiber,0,0,1,0,0,1,1
307,307,No Internet,1,1,1,1,1,1,1
308,308,Fiber,0,0,0,1,1,0,0
309,309,No Internet,1,1,0,0,0,1,1
310,310,Cable,1,1,1,1,0,1,0
311,311,Cable,0,0,1,0,1,1,0
312,312,Fiber,1,0,0,1,1,0,0
313,313,Fiber,1,1,1,0,1,1,1
314,314,DSL,0,1,1,0,0,1,0
315,315,Fiber,0,1,1,1,0,0,0
316,316,Fiber,0,0,0,0,0,0,0
317,317,DSL,0,0,1,0,0,1,0
318,318,No Internet,0,1,1,1,0,1,0
319,319,No Internet,0,1,1,0,0,0,0
320,320,Cable,1,0,1,1,1,1,0
321,321,No Internet,0,0,0,1,1,1,1
322,322,DSL,1,1,0,0,0,1,1
323,323,Cable,0,1,1,0,1,1,0
324,324,Cable,0,0,1,1,0,0,0
325,325,Cable,1,0,0,0,1,1,0
326,326,Fiber,0,0,1,0,1,1,1
327,327,Fiber,1,1,0,0,0,1,1
328,328,Fiber,1,1,0,1,1,0,0
329,329,No Internet,1,0,0,1,0,0,0
330,330,Cable,1,0,1,0,0,0,0
331,331,DSL,0,0,0,0,1,1,0
332,332,No Internet,0,0,0,0,1,1,1
333,333,Cable,1,1,0,0,1,0,0
334,334,DSL,1,0,1,1,1,0,0
335,335,Fiber,1,1,0,0,1,1,0
336,336,DSL,0,0,0,0,0,1,0
337,337,Fiber,0,1,1,0,0,1,1
338,338,DSL,1,0,0,0,1,1,1
339,339,No Internet,1,0,0,0,1,0,0
340,340,Cable,0,0,1,0,0,1,1
341,341,No Internet,0,1,0,0,0,0,0
342,342,No Internet,1,0,1,0,1,1,0
343,343,DSL,0,1,1,1,0,0,0
344,344,Cable,1,0,0,0,0,1,0
345,345,Cable,0,1,1,1,1,0,0
346,346,Cable,0,0,0,0,1,0,0
347,347,No Internet,1,0,1,1,1,1,1
348,348,No Internet,0,0,1,1,1,1,1
349,349,Fiber,1,0,0,1,0,0,0
350,350,DSL,1,0,1,0,0,1,0
351,351,No Internet,0,0,1,1,0,0,0
352,352,Fiber,0,0,0,0,1,1,1
353,353,Fiber,0,0,0,1,0,0,0
354,354,DSL,0,0,0,1,0,1,1
355,355,Cable,1,1,0,0,0,1,0
356,356,Fiber,1,0,1,1,0,1,0
357,357,Fiber,1,0,1,0,0,0,0
358,358,Cable,1,1,1,1,1,0,0
359,359,No Internet,0,1,0,0,1,0,0
360,360,No Internet,1,1,0,0,0,1,1
361,361,Cable,0,0,1,1,1,0,0
362,362,Fiber,1,0,1,0,1,1,0
363,363,DSL,0,1,0,1,1,0,0
364,364,Fiber,0,1,1,1,1,0,0
365,365,No Internet,1,1,1,0,1,1,1
366,366,DSL,0,1,1,1,0,1,1
367,367,Cable,1,0,0,0,1,0,0
368,368,No Internet,1,1,0,0,0,0,0
369,369,Cable,1,1,1,0,0,0,0
370,370,DSL,0,1,0,1,0,1,0
371,371,No Internet,0,0,1,1,1,0,0
372,372,DSL,0,0,0,0,0,1,1
373,373,Fiber,1,1,0,0,1,1,1
374,374,Fiber,1,1,0,1,0,1,1
375,375,Cable,0,0,1,1,1,0,0
376,376,DSL,1,1,0,0,1,1,0
377,377,Fiber,1,1,1,0,0,1,1
378,378,DSL,0,1,1,0,1,0,0
379,379,Fiber,0,0,0,0,0,1,1
380,380,Fiber,0,1,0,1,0,0,0
381,381,Cable,0,0,1,0,0,1,0
382,382,Cable,1,1,0,0,0,1,1
383,383,No Internet,1,0,0,0,0,0,0
384,384,DSL,0,0,0,0,1,0,0
385,385,DSL,0,1,0,1,0,1,1
386,386,Fiber,0,0,0,0,1,0,0
387,387,DSL,0,0,0,1,0,1,0
388,388,No Internet,1,1,0,1,0,0,0
389,389,DSL,0,1,1,0,1,0,0
390,390,Cable,1,1,0,0,1,1,0
391,391,No Internet,1,0,1,0,0,0,0
392,392,Cable,0,0,1,1,1,0,0
393,393,Fiber,0,1,0,1,0,0,0
394,394,No Internet,0,1,0,1,1,0,0
395,395,Fiber,1,1,0,1,0,0,0
396,396,Fiber,0,0,1,0,1,0,0
397,397,DSL,0,1,0,0,0,1,0
398,398,DSL,0,1,0,0,0,1,1
399,399,No Internet,1,0,1,0,1,1,1
400,400,DSL,1,1,0,1,1,0,0
401,401,Cable,0,0,0,0,0,1,1
402,402,DSL,0,0,1,1,1,1,1
403,403,Cable,1,1,0,1,1,0,0
404,404,Cable,0,0,0,1,0,0,0
405,405,No Internet,1,1,0,1,1,0,0
406,406,No Internet,1,1,1,0,0,1,0
407,407,No Internet,1,0,0,0,1,0,0
408,408,Fiber,1,1,1,0,1,1,0
409,409,Fiber,1,1,0,0,0,1,1
410,410,Fiber,1,1,0,1,0,1,1
411,411,DSL,0,1,0,0,1,0,0
412,412,No Internet,0,0,0,1,0,1,0
413,413,Fiber,0,0,0,0,0,0,0
414,414,Fiber,1,1,0,1,1,1,0
415,415,DSL,1,0,1,1,0,1,1
416,416,Cable,1,0,0,0,0,0,0
417,417,DSL,1,1,1,1,0,1,0
418,418,No Internet,1,0,1,1,0,0,0
419,419,Fiber,0,0,1,0,0,0,0
420,420,Cable,1,1,1,1,1,0,0
421,421,DSL,0,0,1,0,1,0,0
422,422,Cable,1,1,1,1,0,0,0
423,423,DSL,0,0,0,0,0,1,1
424,424,Fiber,0,0,1,1,0,1,1
425,425,No Internet,0,0,1,0,0,0,0
426,426,DSL,0,1,1,1,0,1,0
427,427,No Internet,1,0,1,1,1,1,0
428,428,DSL,1,1,0,1,0,1,1
429,429,Cable,0,1,0,0,0,1,0
430,430,No Internet,0,1,0,1,1,1,0
431,431,DSL,0,1,0,1,0,0,0
432,432,DSL,0,1,1,0,0,1,0
433,433,Fiber,1,0,0,1,1,1,1
434,434,Fiber,0,0,0,1,1,1,1
435,435,Fiber,1,0,0,0,1,0,0
436,436,Fiber,1,0,1,1,1,0,0
437,437,Cable,0,1,1,1,0,1,0
438,438,Fiber,0,0,0,0,0,1,0
439,439,No Internet,0,1,1,0,1,0,0
440,440,No Internet,1,0,0,0,0,1,1
441,441,Fiber,1,0,0,0,0,0,0
442,442,DSL,1,0,1,0,1,1,1
443,443,No Internet,1,1,1,0,0,1,1
444,444,Cable,1,1,0,1,1,1,0
445,445,Fiber,1,0,1,0,0,1,0
446,446,Fiber,0,0,1,1,1,0,0
447,447,Cable,1,0,1,0,0,0,0
448,448,Fiber,1,0,0,1,0,1,0
449,449,No Internet,1,0,1,0,1,0,0
450,450,DSL,0,1,1,0,1,1,1
451,451,Cable,0,1,0,1,1,0,0
452,452,Fiber,0,0,0,1,0,0,0
453,453,Cable,1,0,0,0,1,1,1
454,454,No Internet,0,1,1,1,1,0,0
455,455,DSL,0,0,1,0,0,1,1
456,456,Cable,1,1,0,1,1,0,0
457,457,DSL,0,0,1,0,1,0,0
458,458,Fiber,0,1,0,0,1,1,0
459,459,Cable,1,0,0,1,0,1,1
460,460,Cable,1,1,0,1,1,1,0
461,461,No Internet,1,0,1,0,1,1,1
462,462,Cable,0,1,1,0,1,0,0
463,463,Fiber,1,1,0,1,0,1,0
464,464,Fiber,0,1,0,0,1,1,0
465,465,Cable,0,0,0,0,1,0,0
466,466,Fiber,1,0,1,0,0,1,0
467,467,DSL,1,0,1,1,1,0,0
468,468,No Internet,1,0,1,0,1,1,0
469,469,Cable,1,0,0,0,1,0,0
470,470,Cable,0,0,1,0,0,1,0
471,471,No Internet,0,0,1,1,1,1,0
472,472,No Internet,1,1,0,1,0,1,0
473,473,Cable,1,1,0,1,1,1,0
474,474,Fiber,0,0,1,1,1,0,0
475,475,Fiber,0,1,1,1,0,0,0
476,476,Fiber,0,1,0,1,1,0,0
477,477,Fiber,0,1,1,1,0,0,0
478,478,Cable,0,0,1,1,1,1,0
479,479,Cable,1,0,1,1,1,1,1
480,480,Fiber,1,1,0,1,1,0,0
481,481,DSL,1,1,1,1,1,0,0
482,482,Cable,0,0,0,0,0,0,0
483,483,Fiber,0,0,0,0,0,1,1
484,484,No Internet,1,1,0,1,1,1,0
485,485,DSL,0,1,1,1,0,0,0
486,486,No Internet,0,0,0,0,1,1,0
487,487,No Internet,1,1,1,1,1,1,1
488,488,Cable,0,0,0,0,1,1,0
489,489,Fiber,1,1,0,1,0,1,1
490,490,Fiber,1,1,1,1,1,1,1
491,491,Fiber,1,0,0,1,0,1,0
492,492,Cable,0,1,1,1,1,1,0
493,493,DSL,0,1,0,0,0,0,0
494,494,DSL,0,1,1,1,1,0,0
495,495,DSL,0,1,0,0,1,1,0
496,496,No Internet,0,0,1,1,1,1,0
497,497,No Internet,1,1,1,0,0,1,1
498,498,No Internet,1,0,1,1,1,1,0
499,499,DSL,0,1,0,1,1,1,1
500,500,Cable,1,1,1,1,0,0,0
501,501,Cable,0,0,0,1,0,0,0
502,502,DSL,0,0,0,1,1,1,0
503,503,DSL,0,1,0,1,0,0,0
504,504,DSL,1,0,0,1,1,1,0
505,505,DSL,1,1,0,1,1,1,1
506,506,DSL,0,0,1,1,1,0,0
507,507,Cable,0,0,0,1,1,1,1
508,508,Fiber,0,1,0,0,1,0,0
509,509,Fiber,1,0,0,1,0,0,0
510,510,No Internet,0,0,0,0,0,1,1
511,511,Cable,1,0,1,1,1,1,1
512,512,No Internet,0,0,0,1,1,0,0
513,513,Cable,1,0,0,1,0,0,0
514,514,Cable,0,1,0,1,0,0,0
515,515,No Internet,0,1,0,0,1,1,1
516,516,Fiber,0,1,0,1,0,1,0
517,517,Cable,0,0,0,0,1,0,0
518,518,Fiber,0,0,1,1,0,1,0
519,519,Cable,1,0,0,0,1,1,1
520,520,DSL,1,0,1,0,0,0,0
521,521,Fiber,1,0,0,0,0,0,0
522,522,No Internet,0,1,1,1,1,0,0
523,523,DSL,1,0,1,0,1,0,0
524,524,DSL,0,0,1,1,0,1,1
525,525,Cable,1,0,0,1,0,0,0
526,526,Fiber,1,0,1,1,1,1,1
527,527,DSL,0,0,1,0,1,0,0
528,528,DSL,0,0,1,0,0,1,0
529,529,Cable,0,0,1,1,1,0,0
530,530,DSL,0,0,0,0,1,0,0
531,531,DSL,0,1,1,0,1,1,0
532,532,DSL,0,1,0,0,1,1,0
533,533,DSL,0,0,0,1,0,1,1
534,534,No Internet,1,1,0,0,1,1,1
535,535,No Internet,1,0,0,0,1,1,0
536,536,No Internet,1,1,1,0,0,0,0
537,537,DSL,1,0,1,1,0,1,1
538,538,No Internet,1,0,1,0,1,0,0
539,539,DSL,0,1,1,0,1,0,0
540,540,DSL,0,1,1,0,0,0,0
541,541,DSL,1,0,1,0,1,0,0
542,542,Cable,0,1,1,0,1,1,0
543,543,DSL,0,0,0,0,1,0,0
544,544,DSL,1,0,1,1,0,1,1
545,545,No Internet,0,0,0,1,0,0,0
546,546,Cable,0,0,0,0,0,1,0
547,547,Cable,0,1,0,0,0,1,0
548,548,No Internet,1,0,0,1,1,1,0
549,549,No Internet,0,1,1,1,0,1,1
550,550,No Internet,0,0,0,0,0,1,1
551,551,Cable,1,0,0,1,0,0,0
552,552,DSL,1,0,0,0,1,1,1
553,553,DSL,0,0,0,1,0,0,0
554,554,DSL,0,1,1,0,1,0,0
555,555,Fiber,0,1,0,1,0,1,1
556,556,No Internet,1,1,0,0,0,0,0
557,557,Cable,0,1,1,1,0,1,0
558,558,Cable,1,0,0,0,0,1,1
559,559,Fiber,1,0,1,0,0,1,1
560,560,Cable,0,0,1,1,1,0,0
561,561,Cable,0,1,1,1,1,1,0
562,562,No Internet,1,0,1,0,1,0,0
563,563,Fiber,1,0,0,1,1,1,1
564,564,Fiber,0,0,0,1,1,1,0
565,565,Cable,1,0,0,1,0,0,0
566,566,Cable,0,0,0,1,1,1,0
567,567,Fiber,1,0,1,0,0,1,1
568,568,DSL,1,0,0,1,1,0,0
569,569,Cable,0,0,0,1,0,1,1
570,570,Cable,1,0,0,1,0,0,0
571,571,Cable,0,0,1,0,1,1,1
572,572,Cable,1,1,1,0,0,0,0
573,573,No Internet,1,0,1,1,1,1,1
574,574,Cable,0,0,1,1,1,1,0
575,575,DSL,0,0,1,0,0,0,0
576,576,No Internet,1,1,0,1,1,1,1
577,577,Cable,1,0,0,0,1,1,1
578,578,No Internet,1,1,1,1,1,1,1
579,579,Fiber,0,0,0,0,1,1,1
580,580,No Internet,1,0,1,1,0,0,0
581,581,Fiber,1,0,0,1,0,0,0
582,582,Fiber,0,1,0,0,1,1,0
583,583,No Internet,1,0,0,0,0,0,0
584,584,Fiber,1,0,0,0,0,0,0
585,585,No Internet,1,1,0,0,1,1,0
586,586,DSL,0,1,1,0,1,0,0
587,587,Fiber,1,1,1,0,0,0,0
588,588,Fiber,0,0,1,1,1,0,0
589,589,Cable,0,0,1,1,0,1,1
590,590,No Internet,0,0,1,0,1,1,1
591,591,No Internet,0,1,0,1,1,0,0
592,592,No Internet,1,0,0,1,1,0,0
593,593,DSL,0,0,0,0,1,0,0
594,594,DSL,0,0,0,1,0,0,0
595,595,DSL,1,0,1,1,1,0,0
596,596,DSL,1,0,0,0,0,1,0
597,597,DSL,0,0,1,1,1,0,0
598,598,DSL,0,1,1,0,0,0,0
599,599,Cable,1,1,0,0,0,1,1
600,600,Fiber,1,0,0,0,1,1,0
601,601,DSL,1,0,0,0,0,1,0
602,602,Fiber,1,1,0,0,0,1,1
603,603,No Internet,0,0,0,0,0,0,0
604,604,No Internet,1,1,0,1,1,0,0
605,605,Cable,1,0,0,1,1,1,1
606,606,DSL,1,1,1,1,0,0,0
607,607,DSL,1,0,1,0,1,0,0
608,608,Cable,1,0,1,0,1,0,0
609,609,Cable,0,0,1,0,1,0,0
610,610,DSL,1,0,1,0,1,1,1
611,611,Fiber,0,1,1,0,0,1,1
612,612,No Internet,1,1,1,1,1,0,0
613,613,DSL,1,1,1,1,0,0,0
614,614,DSL,1,1,0,0,0,1,0
615,615,Fiber,1,1,0,1,0,1,0
616,616,DSL,0,0,1,0,0,1,1
617,617,DSL,1,1,1,0,0,1,0
618,618,DSL,0,1,1,0,1,0,0
619,619,DSL,0,0,0,1,1,0,0
620,620,No Internet,0,1,1,0,0,1,1
621,621,Fiber,1,0,0,0,1,1,0
622,622,Fiber,1,1,0,0,0,1,0
623,623,DSL,1,0,0,0,1,1,0
624,624,Fiber,0,0,1,0,0,1,1
625,625,No Internet,1,0,1,1,0,1,0
626,626,Fiber,1,0,1,0,1,0,0
627,627,Fiber,1,0,1,0,0,0,0
628,628,DSL,1,1,1,0,1,1,1
629,629,DSL,0,1,1,1,1,1,1
630,630,DSL,1,0,0,0,0,0,0
631,631,Fiber,1,0,0,1,0,0,0
632,632,Cable,1,1,0,1,0,1,1
633,633,Cable,0,1,0,0,1,0,0
634,634,Fiber,1,1,0,1,0,0,0
635,635,No Internet,0,0,0,0,0,0,0
636,636,Cable,0,0,0,1,0,1,1
637,637,No Internet,0,0,1,1,0,1,0
638,638,DSL,0,1,1,1,0,1,0
639,639,DSL,0,1,0,1,1,0,0
640,640,Cable,0,1,0,0,1,0,0
641,641,Cable,1,1,1,0,1,1,1
642,642,Fiber,0,1,1,1,1,0,0
643,643,No Internet,0,0,0,1,0,0,0
644,644,Cable,1,1,1,0,0,0,0
645,645,Fiber,0,0,1,0,1,0,0
646,646,Cable,1,0,1,1,0,1,0
647,647,DSL,1,0,0,1,0,0,0
648,648,No Internet,0,1,1,1,0,0,0
649,649,DSL,0,1,0,0,1,1,1
650,650,No Internet,1,1,0,1,1,1,0
651,651,Fiber,0,1,0,1,0,1,0
652,652,DSL,1,1,0,1,0,1,0
653,653,Fiber,0,1,1,0,1,1,0
654,654,Cable,1,1,1,1,1,1,0
655,655,Cable,0,0,0,0,1,1,0
656,656,DSL,0,1,1,1,0,0,0
657,657,Cable,1,1,0,0,0,0,0
658,658,Fiber,0,0,0,1,1,1,0
659,659,No Internet,1,1,0,0,1,1,0
660,660,DSL,0,1,1,1,1,1,0
661,661,DSL,1,0,0,1,1,0,0
662,662,Fiber,0,1,1,0,1,1,0
663,663,DSL,1,0,0,0,0,1,1
664,664,No Internet,0,0,1,0,0,0,0
665,665,DSL,0,0,0,0,0,0,0
666,666,No Internet,1,1,1,0,1,1,1
667,667,Cable,0,0,1,1,1,1,0
668,668,Fiber,0,1,0,0,0,0,0
669,669,DSL,0,0,1,0,1,1,0
670,670,DSL,1,1,0,1,1,0,0
671,671,Cable,0,0,0,1,0,1,1
672,672,Fiber,0,1,0,1,0,1,1
673,673,DSL,1,0,1,1,0,1,0
674,674,No Internet,0,1,1,0,0,1,1
675,675,Fiber,1,0,0,1,0,1,0
676,676,Fiber,0,0,0,1,0,1,0
677,677,DSL,1,1,1,0,0,1,0
678,678,No Internet,1,1,1,1,1,0,0
679,679,DSL,0,1,1,0,0,0,0
680,680,DSL,0,0,1,0,1,1,1
681,681,No Internet,1,0,0,1,0,0,0
682,682,Fiber,1,0,1,1,0,0,0
683,683,No Internet,0,0,1,0,0,0,0
684,684,Cable,1,0,1,1,1,1,0
685,685,DSL,1,1,0,0,1,1,1
686,686,DSL,1,1,0,1,1,0,0
687,687,Cable,0,1,1,1,1,1,1
688,688,No Internet,0,0,0,0,0,1,1
689,689,No Internet,0,1,1,1,0,1,1
690,690,Fiber,0,1,1,0,0,0,0
691,691,DSL,0,1,0,0,1,0,0
692,692,DSL,0,0,1,1,1,1,1
693,693,No Internet,1,1,1,0,1,1,0
694,694,Fiber,1,1,0,0,0,1,0
695,695,No Internet,0,1,0,0,1,0,0
696,696,No Internet,1,1,1,0,1,0,0
697,697,Cable,1,0,1,0,0,1,1
698,698,DSL,0,1,1,0,1,0,0
699,699,DSL,0,0,1,0,0,1,1
700,700,Fiber,1,0,0,1,0,0,0
701,701,DSL,0,0,1,1,1,1,0
702,702,No Internet,1,0,0,0,1,0,0
703,703,Fiber,1,0,0,0,0,1,1
704,704,Fiber,1,0,0,0,0,0,0
705,705,No Internet,0,0,1,1,1,0,0
706,706,Cable,1,1,1,1,0,0,0
707,707,Fiber,1,1,1,1,1,0,0
708,708,Cable,1,0,0,1,1,0,0
709,709,DSL,1,0,1,1,0,1,0
710,710,No Internet,1,0,1,1,0,1,1
711,711,Cable,1,1,1,0,0,0,0
712,712,No Internet,1,1,0,1,0,1,1
713,713,DSL,0,0,0,0,1,0,0
714,714,DSL,1,1,1,0,1,1,1
715,715,DSL,0,0,0,1,0,1,0
716,716,DSL,1,1,0,1,1,1,0
717,717,Cable,0,0,0,1,0,0,0
718,718,DSL,1,0,0,0,1,1,1
719,719,No Internet,0,1,0,0,0,1,0
720,720,Fiber,1,0,0,1,1,0,0
721,721,Cable,0,0,0,0,1,1,1
722,722,Fiber,1,1,0,1,1,1,1
723,723,No Internet,0,1,0,1,1,0,0
724,724,No Internet,0,1,1,1,0,1,0
725,725,Cable,1,1,1,1,0,0,0
726,726,Cable,0,1,0,1,0,0,0
727,727,Cable,0,0,0,0,0,1,1
728,728,DSL,1,1,1,0,1,1,1
729,729,No Internet,0,1,0,1,1,0,0
730,730,Cable,0,1,0,0,0,0,0
731,731,DSL,0,1,1,1,1,0,0
732,732,No Internet,0,0,1,0,1,1,1
733,733,Fiber,1,0,0,0,1,0,0
734,734,No Internet,1,1,1,0,1,0,0
735,735,Fiber,0,1,1,1,0,1,1
736,736,No Internet,1,0,0,0,0,0,0
737,737,No Internet,1,1,0,1,0,0,0
738,738,DSL,0,1,0,1,0,1,0
739,739,Cable,0,1,1,1,0,1,1
740,740,DSL,0,1,0,1,0,1,0
741,741,Cable,1,1,1,1,0,1,1
742,742,Fiber,0,1,0,1,1,1,1
743,743,No Internet,1,0,0,0,1,0,0
744,744,DSL,1,0,0,1,1,0,0
745,745,Cable,0,0,0,1,0,1,1
746,746,DSL,1,0,1,0,0,0,0
747,747,No Internet,1,1,1,1,1,1,1
748,748,DSL,0,1,1,0,0,1,1
749,749,Fiber,0,0,1,0,1,0,0
750,750,DSL,1,0,1,0,1,0,0
751,751,Cable,1,1,1,0,0,1,0
752,752,DSL,0,0,0,0,1,0,0
753,753,No Internet,0,0,1,0,0,0,0
754,754,No Internet,0,1,0,1,1,1,1
755,755,Cable,0,1,1,0,1,0,0
756,756,DSL,0,1,0,0,1,0,0
757,757,DSL,0,1,0,0,0,0,0
758,758,Cable,1,1,1,1,1,1,1
759,759,DSL,0,1,0,1,1,0,0
760,760,Fiber,1,1,1,0,0,1,0
761,761,Cable,0,0,1,0,1,1,0
762,762,DSL,1,1,0,0,0,1,1
763,763,Fiber,1,0,0,1,0,0,0
764,764,Cable,1,1,1,1,1,0,0
765,765,No Internet,0,0,1,1,1,1,0
766,766,No Internet,1,0,1,1,1,1,1
767,767,Cable,0,1,0,0,1,0,0
768,768,No Internet,1,0,1,0,0,1,1
769,769,Fiber,0,0,0,0,1,1,1
770,770,Fiber,0,1,1,0,1,0,0
771,771,DSL,1,0,1,1,0,1,1
772,772,Fiber,1,0,1,1,0,0,0
773,773,Cable,1,1,0,1,0,0,0
774,774,DSL,0,1,0,1,1,0,0
775,775,Cable,0,1,0,0,1,0,0
776,776,Fiber,0,0,0,0,1,1,0
777,777,Cable,1,1,0,1,0,0,0
778,778,No Internet,1,0,0,0,1,0,0
779,779,Cable,0,0,1,0,1,1,0
780,780,Cable,1,1,1,1,0,1,1
781,781,DSL,1,1,1,0,0,1,0
782,782,DSL,1,0,0,0,0,0,0
783,783,DSL,0,0,0,1,0,0,0
784,784,No Internet,1,1,1,0,1,0,0
785,785,Fiber,0,1,1,1,0,0,0
786,786,DSL,0,0,1,1,0,1,1
787,787,DSL,1,0,0,1,1,1,1
788,788,Fiber,1,1,1,1,1,0,0
789,789,Cable,1,0,0,1,0,1,0
790,790,Cable,1,1,0,0,1,0,0
791,791,Fiber,1,1,0,0,1,0,0
792,792,Fiber,1,0,0,1,0,0,0
793,793,DSL,1,1,1,1,0,1,0
794,794,Fiber,0,0,1,1,1,1,1
795,795,Cable,0,1,0,0,1,1,1
796,796,No Internet,0,1,0,0,1,0,0
797,797,No Internet,0,0,0,1,0,1,1
798,798,Fiber,0,0,0,1,1,0,0
799,799,Fiber,1,0,1,1,1,0,0
800,800,Fiber,1,0,1,0,0,1,1
801,801,DSL,0,1,1,1,1,1,0
802,802,Fiber,1,0,0,1,0,0,0
803,803,Fiber,1,0,1,1,1,0,0
804,804,Cable,0,1,1,1,0,0,0
805,805,Fiber,0,1,0,1,0,1,0
806,806,DSL,0,0,1,1,1,1,0
807,807,Fiber,0,0,1,1,0,1,0
808,808,No Internet,0,0,1,0,0,1,0
809,809,Cable,1,1,0,0,0,0,0
810,810,No Internet,1,1,1,1,1,0,0
811,811,No Internet,1,1,1,1,0,0,0
812,812,DSL,0,1,0,0,0,0,0
813,813,Fiber,0,1,1,0,1,1,1
814,814,Fiber,1,0,1,1,0,0,0
815,815,No Internet,1,1,1,1,1,0,0
816,816,Cable,0,1,1,1,0,0,0
817,817,No Internet,1,1,1,1,0,0,0
818,818,Fiber,1,0,0,1,0,1,1
819,819,DSL,1,1,0,1,0,0,0
820,820,Cable,0,0,1,1,1,1,1
821,821,Fiber,1,0,0,0,1,1,0
822,822,DSL,1,1,1,0,1,1,1
823,823,No Internet,1,1,1,0,0,1,1
824,824,DSL,0,0,1,1,0,0,0
825,825,Cable,1,0,0,1,1,1,0
826,826,No Internet,0,1,1,0,1,0,0
827,827,Cable,0,1,0,0,1,0,0
828,828,Fiber,0,1,1,1,0,0,0
829,829,Cable,1,1,0,0,0,1,0
830,830,No Internet,1,0,0,0,0,1,1
831,831,Fiber,1,1,1,1,1,1,0
832,832,No Internet,0,1,0,1,0,1,1
833,833,DSL,1,0,1,1,0,1,1
834,834,Fiber,1,1,0,1,0,0,0
835,835,No Internet,0,0,0,0,0,1,0
836,836,Cable,0,1,0,1,1,0,0
837,837,No Internet,1,1,1,0,0,1,0
838,838,DSL,0,0,0,1,0,0,0
839,839,No Internet,1,0,0,1,1,0,0
840,840,No Internet,0,0,0,1,1,0,0
841,841,Fiber,0,0,1,1,0,0,0
842,842,No Internet,0,1,1,0,0,1,1
843,843,No Internet,1,1,1,0,0,0,0
844,844,Fiber,1,1,0,0,0,1,1
845,845,No Internet,0,0,0,1,0,1,1
846,846,No Internet,1,0,1,0,0,1,0
847,847,Fiber,0,1,0,0,0,0,0
848,848,No Internet,0,0,0,1,1,0,0
849,849,DSL,1,1,0,1,0,1,1
850,850,Fiber,0,1,0,1,1,0,0
851,851,DSL,1,0,1,1,1,0,0
852,852,Cable,0,1,0,0,0,1,0
853,853,DSL,0,0,1,1,0,0,0
854,854,Fiber,0,1,1,0,0,1,1
855,855,DSL,0,0,0,0,1,0,0
856,856,No Internet,1,0,0,0,0,1,1
857,857,DSL,1,1,0,0,0,0,0
858,858,Cable,0,1,0,0,1,0,0
859,859,Cable,1,1,1,0,1,0,0
860,860,Cable,0,0,1,0,1,1,0
861,861,No Internet,1,0,1,0,1,0,0
862,862,Fiber,0,0,0,0,0,0,0
863,863,Fiber,1,0,1,0,1,1,0
864,864,No Internet,1,0,1,0,1,1,0
865,865,No Internet,1,1,0,1,0,0,0
866,866,Cable,0,1,0,1,0,1,1
867,867,Cable,1,0,1,1,1,0,0
868,868,No Internet,1,0,1,1,1,0,0
869,869,No Internet,0,0,1,1,0,0,0
870,870,No Internet,1,0,0,0,0,1,1
871,871,Cable,0,1,0,1,1,1,0
872,872,DSL,1,0,0,0,0,1,1
873,873,Fiber,0,1,1,1,1,0,0
874,874,DSL,1,0,1,1,0,0,0
875,875,DSL,1,0,0,0,1,0,0
876,876,DSL,0,0,0,0,1,0,0
877,877,DSL,0,0,0,1,0,0,0
878,878,Cable,0,1,1,1,0,1,0
879,879,No Internet,0,1,0,0,0,0,0
880,880,DSL,0,1,1,1,0,1,1
881,881,Cable,1,0,1,1,1,1,1
882,882,Fiber,1,0,1,0,1,0,0
883,883,No Internet,0,1,1,0,0,1,0
884,884,Cable,1,1,0,1,1,0,0
885,885,DSL,0,1,1,1,1,1,0
886,886,No Internet,1,1,0,0,0,0,0
887,887,No Internet,0,0,1,0,0,0,0
888,888,Fiber,1,0,1,0,1,0,0
889,889,DSL,0,1,0,0,0,1,1
890,890,Fiber,0,0,0,0,1,1,1
891,891,No Internet,1,1,0,0,1,1,1
892,892,No Internet,1,0,1,1,1,1,1
893,893,Cable,0,0,0,0,0,1,1
894,894,No Internet,0,1,0,1,0,0,0
895,895,No Internet,1,0,1,1,0,0,0
896,896,No Internet,0,1,0,0,0,0,0
897,897,Fiber,1,1,0,1,1,1,0
898,898,Cable,1,1,1,0,1,1,0
899,899,No Internet,1,1,0,1,0,0,0
900,900,DSL,1,0,0,1,1,1,1
901,901,No Internet,1,1,0,0,0,1,0
902,902,Fiber,0,0,0,1,1,1,1
903,903,DSL,0,1,0,1,0,1,0
904,904,DSL,0,1,0,0,1,0,0
905,905,Cable,1,0,0,0,0,0,0
906,906,Fiber,1,0,1,0,0,1,0
907,907,Cable,0,0,1,0,1,0,0
908,908,Fiber,1,0,1,1,1,0,0
909,909,Fiber,0,1,1,1,1,0,0
910,910,Cable,0,1,1,0,1,0,0
911,911,Cable,1,0,0,1,1,1,1
912,912,Cable,0,0,1,0,0,0,0
913,913,Cable,0,0,1,1,0,0,0
914,914,Fiber,0,0,0,1,0,0,0
915,915,Fiber,1,1,1,1,1,1,1
916,916,Cable,0,0,1,0,1,1,0
917,917,Cable,0,0,0,0,1,1,1
918,918,DSL,1,0,0,0,0,1,1
919,919,No Internet,1,0,1,0,1,1,0
920,920,No Internet,0,0,1,0,0,0,0
921,921,Fiber,1,1,1,1,0,1,1
922,922,DSL,1,1,1,0,0,0,0
923,923,Fiber,0,0,1,0,0,1,1
924,924,Fiber,1,0,1,0,0,1,1
925,925,Cable,1,1,1,0,0,1,1
926,926,DSL,0,1,0,1,1,1,0
927,927,DSL,1,1,1,1,0,0,0
928,928,Cable,1,1,0,1,1,0,0
929,929,DSL,0,1,1,1,1,1,1
930,930,DSL,0,0,0,0,0,1,0
931,931,Cable,1,1,1,0,1,0,0
932,932,DSL,0,1,0,1,0,1,1
933,933,Cable,1,1,1,1,0,0,0
934,934,Fiber,0,1,0,0,0,1,0
935,935,DSL,1,0,0,0,1,1,1
936,936,Cable,1,1,1,0,0,0,0
937,937,No Internet,1,0,0,0,0,0,0
938,938,No Internet,0,1,1,0,1,1,0
939,939,Cable,0,0,1,0,0,1,0
940,940,Cable,0,1,1,0,0,1,1
941,941,Fiber,1,1,0,1,1,1,1
942,942,No Internet,0,0,1,1,0,0,0
943,943,Cable,0,1,1,1,0,0,0
944,944,DSL,1,1,1,0,1,0,0
945,945,No Internet,1,1,0,1,1,1,1
946,946,DSL,1,1,1,0,0,0,0
947,947,DSL,1,1,1,0,0,0,0
948,948,No Internet,1,1,0,0,1,1,0
949,949,DSL,0,0,1,1,1,1,0
950,950,No Internet,0,1,1,1,1,1,1
951,951,No Internet,0,1,1,0,0,0,0
952,952,Fiber,0,1,1,0,0,0,0
953,953,Fiber,0,0,0,1,1,1,1
954,954,DSL,0,0,0,0,1,0,0
955,955,No Internet,1,1,1,1,0,1,0
956,956,DSL,0,0,1,0,0,1,1
957,957,No Internet,0,0,1,1,1,0,0
958,958,Cable,0,0,1,0,0,0,0
959,959,DSL,0,1,0,1,1,0,0
960,960,DSL,1,0,0,0,0,0,0
961,961,DSL,1,0,0,1,1,0,0
962,962,DSL,0,1,1,1,0,1,0
963,963,No Internet,0,1,0,1,0,0,0
964,964,Fiber,1,0,0,1,1,1,1
965,965,Fiber,0,1,0,1,1,0,0
966,966,No Internet,1,1,0,0,1,0,0
967,967,No Internet,1,1,0,1,0,0,0
968,968,Cable,0,0,1,0,0,1,1
969,969,DSL,1,0,0,1,0,0,0
970,970,DSL,1,0,1,0,1,0,0
971,971,Cable,1,0,0,1,1,1,0
972,972,Fiber,0,0,1,1,0,1,0
973,973,DSL,0,0,1,0,1,1,1
974,974,DSL,1,1,1,0,0,0,0
975,975,No Internet,1,1,1,1,1,1,1
976,976,No Internet,1,1,1,1,0,1,0
977,977,No Internet,1,0,0,1,1,1,0
978,978,No Internet,0,0,0,1,1,1,1
979,979,DSL,0,1,0,0,1,0,0
980,980,No Internet,1,0,1,0,1,1,0
981,981,Cable,0,1,0,1,1,1,0
982,982,No Internet,0,1,1,0,0,1,1
983,983,DSL,0,0,1,1,0,1,1
984,984,No Internet,0,1,1,1,0,1,0
985,985,Fiber,1,1,0,1,0,0,0
986,986,DSL,1,1,1,1,1,0,0
987,987,Cable,0,0,0,0,1,0,0
988,988,No Internet,1,1,0,1,1,1,1
989,989,DSL,0,1,0,1,0,1,0
990,990,No Internet,0,1,1,1,0,0,0
991,991,DSL,1,0,0,0,1,0,0
992,992,Fiber,1,1,0,1,1,1,1
993,993,Cable,1,0,1,0,1,0,0
994,994,Fiber,0,1,0,1,0,1,0
995,995,No Internet,0,0,0,0,0,0,0
996,996,No Internet,1,1,1,1,1,1,0
997,997,Cable,0,1,1,0,1,0,0
998,998,Cable,0,0,0,0,0,0,0
999,999,Cable,0,0,0,1,0,1,1
1000,1000,Cable,0,0,0,1,0,1,1
