ticket_id,customer_id,ticket_date,category,priority,status,resolved,resolution_days
1,1,2024-02-23,Network Issue,Low,Pending,1,10
2,1,2024-02-28,Network Issue,Critical,Closed,1,2
3,1,2024-02-12,Speed Issue,Medium,Closed,1,6
4,2,2024-03-18,Network Issue,Low,Closed,1,9
5,3,2024-06-10,Service Outage,High,Escalated,0,
6,3,2024-02-08,Network Issue,High,Resolved,1,2
7,3,2024-05-08,Network Issue,Low,Resolved,0,
8,3,2024-01-02,Speed Issue,Low,Pending,0,
9,4,2024-04-02,Billing Problem,Critical,Resolved,1,4
10,5,2024-01-01,Service Outage,Low,Resolved,1,6
11,8,2024-03-22,Network Issue,High,Closed,1,10
12,9,2024-06-19,Billing Problem,Critical,Escalated,1,7
13,9,2024-02-21,General Inquiry,Low,Resolved,1,4
14,10,2024-02-27,Service Outage,Critical,Resolved,0,
15,11,2024-03-08,General Inquiry,Low,Resolved,0,
16,16,2024-03-01,Network Issue,Medium,Resolved,1,10
17,17,2024-01-21,Plan Change,Medium,Pending,1,2
18,19,2024-05-03,Billing Problem,High,Pending,0,
19,19,2024-04-04,General Inquiry,Low,Escalated,0,
20,19,2024-06-10,Network Issue,Low,Closed,0,
21,22,2024-06-24,Billing Problem,Critical,Resolved,1,10
22,22,2024-04-09,Network Issue,High,Pending,1,10
23,22,2024-02-28,Speed Issue,Low,Closed,1,8
24,24,2024-04-11,Service Outage,Critical,Escalated,0,
25,26,2024-02-13,Plan Change,Low,Resolved,0,
26,31,2024-03-03,Billing Problem,High,Escalated,0,
27,32,2024-01-27,Service Outage,Low,Pending,1,2
28,34,2024-04-02,General Inquiry,High,Escalated,1,6
29,36,2024-02-14,Plan Change,Low,Resolved,0,
30,37,2024-04-03,General Inquiry,Low,Pending,1,5
31,38,2024-02-19,Speed Issue,Low,Resolved,0,
32,40,2024-05-23,Network Issue,Medium,Resolved,0,
33,41,2024-03-02,Speed Issue,Low,Closed,1,3
34,41,2024-06-16,Billing Problem,Medium,Closed,1,5
35,41,2024-01-20,General Inquiry,Medium,Pending,1,3
36,41,2024-06-17,Billing Problem,Medium,Resolved,0,
37,42,2024-05-15,Speed Issue,Medium,Resolved,1,3
38,43,2024-05-08,Billing Problem,Medium,Escalated,1,6
39,43,2024-04-24,Plan Change,High,Escalated,0,
40,43,2024-06-27,Billing Problem,Medium,Resolved,1,9
41,45,2024-02-18,Billing Problem,Low,Pending,1,8
42,45,2024-06-19,Speed Issue,High,Pending,1,4
43,48,2024-01-01,Plan Change,Critical,Resolved,1,8
44,49,2024-05-02,Billing Problem,Medium,Escalated,0,
45,49,2024-01-22,Speed Issue,Low,Pending,1,1
46,49,2024-02-19,Billing Problem,Critical,Resolved,1,1
47,51,2024-04-26,Speed Issue,Critical,Closed,1,10
48,51,2024-02-10,Speed Issue,Medium,Escalated,1,10
49,51,2024-04-11,Speed Issue,Critical,Pending,1,3
50,54,2024-06-23,Speed Issue,Low,Pending,0,
51,54,2024-02-10,Network Issue,Medium,Closed,1,2
52,57,2024-04-27,Billing Problem,Critical,Closed,1,4
53,57,2024-03-18,Plan Change,Medium,Escalated,1,5
54,58,2024-04-03,Billing Problem,Critical,Resolved,0,
55,59,2024-06-13,Speed Issue,Low,Pending,0,
56,60,2024-03-23,Service Outage,Medium,Resolved,0,
57,61,2024-02-02,Service Outage,High,Escalated,0,
58,61,2024-02-28,Network Issue,Critical,Pending,0,
59,61,2024-04-24,Speed Issue,High,Resolved,1,4
60,64,2024-05-19,Speed Issue,Low,Resolved,0,
61,67,2024-06-11,Billing Problem,High,Pending,1,8
62,67,2024-04-10,General Inquiry,High,Pending,0,
63,69,2024-01-07,Billing Problem,High,Resolved,0,
64,70,2024-01-25,Service Outage,Medium,Pending,0,
65,70,2024-02-05,Network Issue,Critical,Resolved,0,
66,70,2024-06-05,Plan Change,High,Closed,1,4
67,71,2024-01-11,Speed Issue,High,Closed,1,6
68,71,2024-02-05,Speed Issue,Critical,Closed,1,2
69,73,2024-06-04,Service Outage,Low,Closed,1,5
70,74,2024-06-11,General Inquiry,Low,Pending,0,
71,75,2024-04-26,Network Issue,Medium,Escalated,0,
72,77,2024-02-12,General Inquiry,Critical,Closed,1,9
73,78,2024-01-13,Service Outage,Critical,Closed,0,
74,78,2024-04-21,Billing Problem,Low,Pending,1,8
75,80,2024-02-28,Service Outage,High,Escalated,1,1
76,80,2024-01-04,General Inquiry,Medium,Resolved,1,8
77,80,2024-06-26,Speed Issue,High,Resolved,1,6
78,80,2024-02-16,Billing Problem,Critical,Resolved,0,
79,82,2024-01-20,General Inquiry,Medium,Escalated,1,8
80,83,2024-05-18,Speed Issue,Low,Closed,1,8
81,83,2024-02-17,Network Issue,Medium,Escalated,0,
82,84,2024-02-18,General Inquiry,Critical,Resolved,1,2
83,84,2024-01-15,General Inquiry,High,Resolved,0,
84,87,2024-01-18,Speed Issue,Critical,Pending,0,
85,88,2024-06-27,Network Issue,High,Escalated,1,10
86,89,2024-05-21,Network Issue,High,Resolved,1,10
87,90,2024-04-12,Network Issue,Critical,Pending,1,9
88,91,2024-03-25,General Inquiry,Critical,Pending,1,10
89,92,2024-05-06,General Inquiry,Low,Closed,0,
90,93,2024-04-04,Speed Issue,Low,Escalated,0,
91,94,2024-04-12,Plan Change,High,Escalated,0,
92,98,2024-04-18,Billing Problem,Low,Escalated,1,6
93,100,2024-04-25,Service Outage,Medium,Resolved,0,
94,100,2024-04-24,Network Issue,Medium,Escalated,0,
95,102,2024-05-22,Service Outage,Medium,Closed,1,4
96,104,2024-06-02,Speed Issue,Low,Pending,0,
97,104,2024-03-08,Billing Problem,High,Resolved,1,1
98,104,2024-05-18,Plan Change,Medium,Resolved,1,9
99,104,2024-04-12,Billing Problem,Medium,Closed,0,
100,105,2024-05-17,Network Issue,Medium,Escalated,1,10
101,105,2024-02-05,Speed Issue,Low,Escalated,1,7
102,105,2024-05-13,Speed Issue,Low,Escalated,0,
103,105,2024-02-16,Plan Change,Medium,Escalated,1,3
104,107,2024-02-07,Plan Change,Critical,Resolved,0,
105,107,2024-02-17,Speed Issue,High,Escalated,0,
106,107,2024-01-12,General Inquiry,High,Closed,1,3
107,110,2024-06-17,Billing Problem,Critical,Escalated,0,
108,113,2024-05-19,Service Outage,Critical,Escalated,1,3
109,113,2024-05-08,General Inquiry,High,Pending,0,
110,113,2024-01-01,Service Outage,Low,Pending,0,
111,113,2024-01-11,Speed Issue,Medium,Resolved,1,7
112,116,2024-02-06,Network Issue,High,Closed,1,10
113,116,2024-02-01,Service Outage,Low,Resolved,1,1
114,118,2024-05-04,General Inquiry,Critical,Closed,0,
115,118,2024-01-07,Billing Problem,Low,Pending,1,1
116,118,2024-04-18,Speed Issue,Critical,Escalated,0,
117,118,2024-02-22,Speed Issue,High,Closed,0,
118,119,2024-01-05,General Inquiry,Critical,Escalated,0,
119,119,2024-02-15,Plan Change,Critical,Escalated,1,10
120,119,2024-02-06,Service Outage,Low,Escalated,1,6
121,119,2024-06-17,Speed Issue,Critical,Closed,0,
122,120,2024-03-16,Network Issue,Medium,Resolved,0,
123,120,2024-02-20,Speed Issue,High,Closed,1,5
124,121,2024-03-26,Service Outage,Critical,Closed,1,1
125,123,2024-01-16,Billing Problem,Low,Resolved,1,8
126,125,2024-04-20,Billing Problem,Low,Resolved,1,2
127,126,2024-06-05,Billing Problem,Medium,Closed,1,8
128,126,2024-02-06,Plan Change,Low,Pending,1,7
129,126,2024-01-21,Speed Issue,High,Escalated,1,10
130,127,2024-01-11,Billing Problem,Low,Pending,1,4
131,128,2024-03-01,General Inquiry,Critical,Pending,1,8
132,128,2024-03-14,Plan Change,Medium,Pending,0,
133,128,2024-04-02,Network Issue,Critical,Resolved,0,
134,128,2024-04-16,General Inquiry,Low,Escalated,1,9
135,129,2024-05-22,Speed Issue,Low,Resolved,0,
136,129,2024-04-20,Network Issue,High,Closed,1,6
137,129,2024-06-18,General Inquiry,Low,Pending,0,
138,130,2024-03-07,Network Issue,Low,Pending,0,
139,132,2024-05-17,Billing Problem,High,Pending,0,
140,134,2024-06-27,Network Issue,High,Resolved,1,8
141,136,2024-01-10,General Inquiry,Low,Resolved,1,1
142,139,2024-03-18,Speed Issue,Low,Resolved,1,9
143,141,2024-05-10,Speed Issue,Critical,Pending,1,3
144,142,2024-06-21,Network Issue,Medium,Closed,1,10
145,143,2024-03-20,Speed Issue,Low,Escalated,0,
146,143,2024-04-27,General Inquiry,Medium,Pending,1,2
147,143,2024-05-24,Plan Change,Low,Closed,0,
148,144,2024-06-04,Plan Change,Medium,Escalated,1,6
149,145,2024-01-04,Billing Problem,Medium,Pending,1,10
150,147,2024-01-09,Plan Change,Critical,Closed,0,
151,147,2024-02-18,Network Issue,Medium,Closed,1,6
152,148,2024-06-18,Service Outage,Critical,Escalated,1,6
153,149,2024-01-26,General Inquiry,High,Closed,0,
154,151,2024-06-15,General Inquiry,Critical,Closed,1,10
155,151,2024-02-06,Network Issue,High,Resolved,1,3
156,152,2024-04-01,Service Outage,Medium,Pending,1,8
157,152,2024-04-02,Speed Issue,Low,Resolved,1,10
158,153,2024-02-20,Billing Problem,High,Resolved,1,8
159,153,2024-02-07,Billing Problem,Critical,Resolved,1,3
160,153,2024-03-08,Billing Problem,Low,Resolved,1,8
161,153,2024-03-22,Billing Problem,Medium,Resolved,1,5
162,154,2024-04-11,Speed Issue,Medium,Resolved,0,
163,154,2024-06-25,Service Outage,High,Pending,1,6
164,155,2024-06-13,Service Outage,Medium,Escalated,0,
165,155,2024-02-10,Network Issue,Low,Closed,1,7
166,155,2024-05-18,Speed Issue,Medium,Resolved,1,3
167,160,2024-04-17,Plan Change,Critical,Resolved,0,
168,162,2024-05-01,General Inquiry,Critical,Resolved,0,
169,162,2024-05-12,Service Outage,Medium,Resolved,1,7
170,162,2024-04-12,Billing Problem,Critical,Resolved,0,
171,164,2024-01-16,Billing Problem,High,Resolved,0,
172,164,2024-02-03,Plan Change,Critical,Resolved,1,9
173,165,2024-05-05,General Inquiry,High,Closed,0,
174,165,2024-06-20,Service Outage,Medium,Pending,1,8
175,167,2024-04-21,Network Issue,High,Pending,0,
176,167,2024-02-12,Speed Issue,Medium,Escalated,1,8
177,168,2024-04-21,Plan Change,Low,Pending,1,10
178,172,2024-05-27,Billing Problem,Critical,Pending,1,7
179,172,2024-05-24,Service Outage,Critical,Escalated,0,
180,173,2024-01-18,General Inquiry,Medium,Escalated,1,2
181,175,2024-03-04,Plan Change,High,Escalated,0,
182,175,2024-03-06,General Inquiry,High,Escalated,0,
183,175,2024-03-01,Plan Change,Critical,Escalated,0,
184,175,2024-05-19,General Inquiry,Low,Pending,0,
185,177,2024-03-20,Plan Change,Medium,Pending,0,
186,178,2024-02-16,Network Issue,High,Resolved,0,
187,180,2024-03-20,Service Outage,High,Closed,1,8
188,180,2024-02-12,General Inquiry,Critical,Escalated,1,6
189,181,2024-05-07,General Inquiry,Medium,Resolved,1,5
190,181,2024-04-26,Network Issue,High,Escalated,0,
191,181,2024-04-04,Service Outage,Medium,Pending,0,
192,182,2024-06-01,Speed Issue,Low,Pending,1,10
193,182,2024-03-25,Speed Issue,Medium,Pending,1,7
194,182,2024-04-01,Plan Change,Critical,Closed,0,
195,183,2024-04-03,Plan Change,High,Closed,1,7
196,184,2024-01-04,Billing Problem,Critical,Escalated,0,
197,184,2024-02-21,General Inquiry,Critical,Resolved,1,10
198,185,2024-06-04,Billing Problem,Medium,Resolved,0,
199,186,2024-05-12,Speed Issue,Medium,Escalated,0,
200,186,2024-05-09,Speed Issue,Critical,Pending,0,
201,186,2024-01-09,General Inquiry,Critical,Pending,1,8
202,186,2024-01-21,General Inquiry,High,Pending,0,
203,187,2024-01-02,Billing Problem,High,Escalated,1,10
204,187,2024-03-26,General Inquiry,Critical,Escalated,0,
205,187,2024-03-01,General Inquiry,Medium,Pending,0,
206,188,2024-04-01,Plan Change,Medium,Resolved,0,
207,189,2024-03-01,Plan Change,Critical,Closed,1,1
208,191,2024-02-28,Plan Change,Medium,Pending,0,
209,191,2024-02-13,Network Issue,High,Pending,0,
210,192,2024-03-12,General Inquiry,High,Closed,0,
211,192,2024-06-09,Billing Problem,Critical,Resolved,0,
212,193,2024-02-15,Plan Change,Critical,Escalated,0,
213,194,2024-01-21,Network Issue,High,Pending,1,6
214,194,2024-03-01,Plan Change,Low,Escalated,1,3
215,194,2024-05-07,Service Outage,Medium,Closed,1,10
216,195,2024-02-25,Network Issue,High,Pending,0,
217,195,2024-01-26,Network Issue,High,Resolved,0,
218,195,2024-02-16,Plan Change,Critical,Pending,0,
219,196,2024-04-17,Speed Issue,Medium,Escalated,0,
220,197,2024-05-27,Billing Problem,Critical,Resolved,1,9
221,198,2024-02-12,Billing Problem,Low,Pending,0,
222,198,2024-01-19,Service Outage,Medium,Pending,0,
223,198,2024-06-17,General Inquiry,High,Escalated,1,3
224,200,2024-05-26,Billing Problem,Low,Escalated,0,
225,200,2024-01-10,Billing Problem,Medium,Escalated,1,10
226,209,2024-03-06,Billing Problem,High,Escalated,1,4
227,211,2024-03-21,Network Issue,Low,Escalated,0,
228,214,2024-04-09,Speed Issue,Low,Resolved,1,1
229,215,2024-06-08,Billing Problem,High,Resolved,1,5
230,215,2024-02-11,Service Outage,Medium,Resolved,0,
231,216,2024-06-05,Speed Issue,Critical,Resolved,0,
232,216,2024-05-24,General Inquiry,Critical,Closed,0,
233,216,2024-06-03,Billing Problem,Critical,Resolved,0,
234,216,2024-04-17,Billing Problem,High,Closed,1,9
235,217,2024-01-23,Speed Issue,Medium,Pending,0,
236,217,2024-01-10,Billing Problem,Low,Escalated,1,10
237,218,2024-02-20,Speed Issue,Medium,Closed,1,2
238,218,2024-05-18,Plan Change,High,Resolved,0,
239,218,2024-04-22,Network Issue,Critical,Escalated,1,3
240,218,2024-01-02,Speed Issue,Low,Closed,0,
241,219,2024-04-05,General Inquiry,Low,Pending,0,
242,219,2024-06-22,Billing Problem,Medium,Pending,0,
243,219,2024-03-10,General Inquiry,Low,Escalated,1,8
244,220,2024-01-27,General Inquiry,Critical,Escalated,1,7
245,220,2024-06-06,Plan Change,High,Pending,1,10
246,222,2024-02-10,Network Issue,Medium,Closed,0,
247,222,2024-01-18,General Inquiry,Low,Escalated,1,10
248,223,2024-05-16,Network Issue,Critical,Escalated,1,1
249,223,2024-04-23,Service Outage,Medium,Resolved,0,
250,224,2024-03-28,General Inquiry,Medium,Closed,1,9
251,224,2024-05-04,Network Issue,High,Escalated,1,9
252,226,2024-04-01,Service Outage,Low,Closed,0,
253,227,2024-05-03,Billing Problem,Medium,Closed,0,
254,229,2024-05-09,Speed Issue,High,Closed,0,
255,232,2024-06-03,Speed Issue,Medium,Closed,0,
256,232,2024-06-24,Plan Change,Low,Closed,1,8
257,235,2024-02-27,General Inquiry,High,Resolved,1,7
258,235,2024-01-17,General Inquiry,Critical,Resolved,0,
259,237,2024-04-05,Network Issue,Medium,Resolved,0,
260,238,2024-03-23,Billing Problem,Medium,Resolved,0,
261,238,2024-01-02,Plan Change,Critical,Pending,1,6
262,238,2024-03-21,Plan Change,Medium,Closed,0,
263,238,2024-02-09,Speed Issue,Critical,Closed,0,
264,239,2024-03-27,Plan Change,High,Resolved,1,6
265,239,2024-02-21,Speed Issue,Medium,Escalated,0,
266,241,2024-01-07,Plan Change,Medium,Closed,0,
267,245,2024-06-08,Network Issue,Critical,Pending,1,8
268,246,2024-04-26,Network Issue,High,Resolved,0,
269,249,2024-02-08,Network Issue,High,Pending,1,2
270,250,2024-06-16,Billing Problem,Critical,Pending,1,9
271,250,2024-01-04,Service Outage,Medium,Pending,1,10
272,251,2024-05-19,General Inquiry,Critical,Resolved,0,
273,252,2024-01-26,Service Outage,High,Resolved,1,7
274,254,2024-06-06,Plan Change,Critical,Pending,1,8
275,255,2024-06-23,Service Outage,Medium,Resolved,0,
276,255,2024-03-03,General Inquiry,Medium,Resolved,1,9
277,255,2024-05-10,Network Issue,Medium,Pending,0,
278,256,2024-03-09,General Inquiry,High,Escalated,0,
279,256,2024-02-16,Network Issue,High,Escalated,0,
280,256,2024-02-03,Service Outage,High,Resolved,1,3
281,257,2024-01-25,Service Outage,Low,Escalated,1,7
282,258,2024-04-05,General Inquiry,Low,Closed,0,
283,258,2024-02-19,Speed Issue,Medium,Resolved,1,3
284,258,2024-03-19,Plan Change,High,Closed,1,4
285,259,2024-05-28,Network Issue,Critical,Pending,0,
286,259,2024-06-14,Speed Issue,Critical,Escalated,0,
287,261,2024-03-17,Network Issue,Critical,Resolved,1,8
288,261,2024-04-26,Service Outage,Critical,Resolved,0,
289,261,2024-03-27,Network Issue,Critical,Closed,1,6
290,261,2024-06-03,General Inquiry,Critical,Escalated,0,
291,262,2024-04-02,Plan Change,Critical,Pending,0,
292,262,2024-01-01,Speed Issue,Medium,Resolved,0,
293,265,2024-05-20,Service Outage,Medium,Closed,0,
294,267,2024-03-21,Plan Change,High,Escalated,1,5
295,269,2024-03-26,Service Outage,High,Pending,1,6
296,269,2024-03-01,Network Issue,Medium,Closed,0,
297,269,2024-05-06,Service Outage,Low,Pending,1,9
298,270,2024-04-24,Speed Issue,High,Closed,1,10
299,271,2024-06-25,Billing Problem,Critical,Pending,1,7
300,271,2024-05-23,General Inquiry,High,Closed,1,5
301,272,2024-03-15,Network Issue,High,Resolved,0,
302,273,2024-03-22,Billing Problem,Medium,Resolved,0,
303,273,2024-05-05,Plan Change,High,Escalated,1,4
304,273,2024-01-22,Plan Change,Low,Closed,1,8
305,275,2024-06-24,Speed Issue,Critical,Resolved,1,4
306,275,2024-04-09,Billing Problem,Critical,Closed,1,7
307,275,2024-06-23,Service Outage,Low,Escalated,0,
308,276,2024-06-17,Billing Problem,Medium,Closed,0,
309,278,2024-04-14,Service Outage,Critical,Escalated,0,
310,279,2024-06-13,Plan Change,Medium,Pending,0,
311,279,2024-04-08,General Inquiry,Medium,Escalated,1,6
312,279,2024-05-17,General Inquiry,Low,Resolved,1,10
313,279,2024-01-01,Network Issue,Low,Closed,0,
314,280,2024-05-19,Billing Problem,Critical,Resolved,1,8
315,281,2024-03-18,Network Issue,Medium,Resolved,0,
316,283,2024-06-04,General Inquiry,Low,Pending,0,
317,284,2024-06-26,Service Outage,High,Escalated,1,6
318,284,2024-03-18,General Inquiry,Medium,Pending,1,8
319,285,2024-02-16,General Inquiry,Low,Closed,1,7
320,285,2024-01-11,General Inquiry,Critical,Closed,0,
321,287,2024-03-24,Network Issue,Medium,Closed,0,
322,293,2024-03-12,Network Issue,High,Escalated,0,
323,293,2024-02-12,General Inquiry,High,Pending,1,9
324,294,2024-03-18,General Inquiry,Medium,Pending,0,
325,297,2024-01-06,Billing Problem,Medium,Resolved,0,
326,297,2024-03-26,General Inquiry,Critical,Resolved,1,8
327,298,2024-03-02,Plan Change,Low,Resolved,0,
328,298,2024-05-01,Speed Issue,Medium,Closed,1,10
329,300,2024-05-20,General Inquiry,Low,Closed,1,9
330,302,2024-06-19,Network Issue,Low,Resolved,0,
331,304,2024-04-19,Speed Issue,High,Escalated,0,
332,307,2024-06-26,Speed Issue,Critical,Pending,0,
333,308,2024-01-17,Billing Problem,High,Resolved,0,
334,310,2024-06-13,Service Outage,High,Closed,1,7
335,310,2024-02-06,Plan Change,Critical,Resolved,0,
336,310,2024-04-13,Service Outage,Medium,Escalated,1,1
337,311,2024-01-06,Speed Issue,High,Resolved,0,
338,314,2024-04-24,Plan Change,High,Escalated,1,1
339,315,2024-05-22,Plan Change,High,Resolved,0,
340,315,2024-04-18,General Inquiry,High,Pending,0,
341,315,2024-01-22,Service Outage,Low,Closed,0,
342,315,2024-04-01,Network Issue,Medium,Closed,0,
343,316,2024-05-26,Network Issue,Low,Pending,0,
344,316,2024-03-06,Plan Change,Medium,Escalated,0,
345,316,2024-03-28,Service Outage,Critical,Resolved,1,1
346,319,2024-02-24,General Inquiry,Medium,Escalated,0,
347,321,2024-04-04,Speed Issue,Medium,Closed,1,4
348,321,2024-04-25,Network Issue,Critical,Resolved,1,3
349,323,2024-02-24,Billing Problem,Medium,Closed,1,3
350,324,2024-02-27,Billing Problem,Medium,Resolved,0,
351,325,2024-02-27,Plan Change,Medium,Escalated,1,8
352,325,2024-05-27,Service Outage,High,Closed,1,3
353,325,2024-02-24,Network Issue,Medium,Escalated,1,10
354,325,2024-05-15,Network Issue,Low,Pending,1,7
355,328,2024-05-25,General Inquiry,Medium,Pending,0,
356,329,2024-03-25,Speed Issue,Low,Escalated,0,
357,330,2024-06-23,Speed Issue,Low,Closed,0,
358,332,2024-05-10,Billing Problem,Medium,Escalated,1,2
359,333,2024-01-07,Network Issue,Medium,Closed,0,
360,333,2024-05-03,Network Issue,Critical,Pending,1,7
361,338,2024-04-14,Billing Problem,Medium,Escalated,1,1
362,338,2024-01-24,Speed Issue,Medium,Closed,1,3
363,338,2024-04-15,Service Outage,High,Escalated,1,1
364,339,2024-06-04,Network Issue,Medium,Resolved,0,
365,339,2024-02-25,Service Outage,Medium,Closed,1,2
366,341,2024-01-12,Network Issue,Critical,Pending,0,
367,341,2024-06-27,Billing Problem,Medium,Pending,0,
368,341,2024-06-06,Network Issue,Critical,Closed,1,6
369,342,2024-06-03,Speed Issue,High,Escalated,0,
370,344,2024-05-19,Network Issue,High,Escalated,0,
371,344,2024-03-03,General Inquiry,High,Pending,0,
372,344,2024-02-11,Service Outage,Medium,Pending,1,8
373,346,2024-06-19,Plan Change,Critical,Resolved,0,
374,347,2024-06-14,Speed Issue,Low,Pending,0,
375,347,2024-01-02,Billing Problem,High,Closed,0,
376,347,2024-05-21,Billing Problem,Low,Pending,0,
377,350,2024-06-10,Billing Problem,Medium,Pending,0,
378,351,2024-02-16,General Inquiry,High,Pending,1,2
379,356,2024-04-26,Speed Issue,Low,Closed,1,6
380,356,2024-06-25,Speed Issue,High,Closed,1,10
381,356,2024-02-09,Service Outage,Low,Pending,1,3
382,356,2024-04-01,Network Issue,Low,Resolved,1,8
383,359,2024-05-17,Service Outage,Medium,Resolved,1,7
384,359,2024-04-19,Service Outage,Low,Escalated,0,
385,360,2024-01-03,Service Outage,Low,Pending,0,
386,361,2024-02-13,Plan Change,Low,Closed,0,
387,361,2024-06-22,Network Issue,Medium,Escalated,1,2
388,362,2024-05-13,Service Outage,Medium,Closed,1,5
389,363,2024-03-03,Billing Problem,Low,Pending,0,
390,363,2024-06-27,Billing Problem,Medium,Escalated,1,10
391,364,2024-05-18,General Inquiry,Low,Escalated,0,
392,367,2024-02-05,Speed Issue,Medium,Escalated,0,
393,367,2024-06-22,Service Outage,High,Escalated,1,8
394,367,2024-03-20,Network Issue,Critical,Resolved,0,
395,368,2024-02-14,Speed Issue,Critical,Resolved,1,6
396,368,2024-03-27,General Inquiry,Medium,Closed,1,9
397,369,2024-04-06,Network Issue,Medium,Escalated,0,
398,370,2024-03-14,Network Issue,Medium,Closed,1,5
399,371,2024-05-26,Network Issue,Medium,Resolved,0,
400,372,2024-06-03,Plan Change,Low,Escalated,1,4
401,373,2024-03-01,Service Outage,High,Resolved,0,
402,373,2024-05-09,Plan Change,Critical,Resolved,1,10
403,373,2024-03-25,Plan Change,Medium,Escalated,0,
404,373,2024-02-10,Plan Change,Medium,Escalated,1,9
405,375,2024-03-05,Network Issue,High,Closed,1,6
406,375,2024-01-11,Service Outage,Medium,Resolved,1,8
407,375,2024-02-28,Speed Issue,Critical,Resolved,0,
408,376,2024-01-04,Plan Change,High,Resolved,0,
409,376,2024-04-26,Network Issue,Low,Closed,0,
410,376,2024-04-03,General Inquiry,Low,Closed,0,
411,377,2024-01-09,Speed Issue,Low,Pending,0,
412,377,2024-06-20,Service Outage,Medium,Pending,1,9
413,377,2024-04-10,Billing Problem,High,Escalated,0,
414,380,2024-02-22,Network Issue,Low,Resolved,1,1
415,380,2024-06-20,Billing Problem,High,Resolved,1,5
416,382,2024-02-26,Billing Problem,High,Closed,0,
417,383,2024-02-13,Network Issue,Medium,Pending,1,5
418,383,2024-01-23,Billing Problem,Critical,Closed,1,3
419,386,2024-02-27,Service Outage,Critical,Escalated,1,10
420,386,2024-05-04,Plan Change,Medium,Pending,1,7
421,388,2024-06-05,Network Issue,Low,Escalated,1,5
422,389,2024-03-26,Service Outage,Critical,Closed,1,8
423,392,2024-01-01,Billing Problem,Critical,Pending,0,
424,393,2024-02-05,Billing Problem,Medium,Escalated,0,
425,394,2024-06-03,Service Outage,Critical,Closed,0,
426,397,2024-01-06,Service Outage,Critical,Escalated,1,4
427,401,2024-04-11,Speed Issue,High,Pending,0,
428,401,2024-03-11,Service Outage,Medium,Pending,1,7
429,401,2024-02-01,Network Issue,High,Closed,0,
430,405,2024-01-05,Plan Change,High,Escalated,0,
431,405,2024-05-26,General Inquiry,Low,Resolved,0,
432,406,2024-02-16,Billing Problem,Medium,Escalated,0,
433,406,2024-02-04,Billing Problem,Low,Resolved,0,
434,408,2024-03-06,Service Outage,Critical,Escalated,1,4
435,408,2024-02-12,Plan Change,Medium,Resolved,1,3
436,409,2024-02-07,General Inquiry,Low,Pending,0,
437,410,2024-03-17,Speed Issue,Critical,Escalated,1,4
438,411,2024-06-06,Plan Change,Medium,Resolved,0,
439,412,2024-02-06,Plan Change,Medium,Escalated,0,
440,413,2024-06-02,Service Outage,High,Pending,0,
441,414,2024-02-20,Speed Issue,Critical,Resolved,1,6
442,414,2024-02-19,Plan Change,Low,Escalated,1,5
443,414,2024-02-25,Plan Change,Critical,Escalated,1,8
444,414,2024-04-19,Plan Change,Critical,Escalated,1,2
445,419,2024-06-27,Speed Issue,Medium,Closed,1,3
446,421,2024-01-17,Plan Change,Low,Closed,0,
447,421,2024-02-10,Speed Issue,Critical,Escalated,1,8
448,423,2024-04-16,Billing Problem,Critical,Resolved,1,4
449,423,2024-02-24,Billing Problem,Low,Pending,0,
450,427,2024-01-19,Service Outage,Low,Escalated,1,4
451,428,2024-06-24,Speed Issue,Medium,Pending,1,8
452,429,2024-05-07,Billing Problem,High,Closed,1,2
453,431,2024-06-17,Service Outage,Low,Escalated,0,
454,431,2024-02-04,Network Issue,High,Closed,1,3
455,432,2024-03-04,Billing Problem,Medium,Escalated,1,6
456,433,2024-04-10,Plan Change,Medium,Resolved,0,
457,436,2024-04-05,General Inquiry,Low,Resolved,1,7
458,436,2024-05-05,Speed Issue,Low,Pending,0,
459,439,2024-02-09,Network Issue,Critical,Escalated,1,3
460,439,2024-03-26,Plan Change,High,Escalated,1,9
461,439,2024-06-06,Plan Change,Low,Pending,1,2
462,441,2024-01-07,Billing Problem,Low,Pending,1,1
463,441,2024-05-15,Plan Change,Low,Resolved,0,
464,441,2024-03-02,Network Issue,Medium,Closed,0,
465,446,2024-04-15,Billing Problem,Low,Closed,1,7
466,446,2024-04-04,Network Issue,Critical,Pending,0,
467,446,2024-05-15,Network Issue,High,Escalated,0,
468,446,2024-05-21,Billing Problem,Critical,Resolved,1,8
469,447,2024-03-07,General Inquiry,Critical,Escalated,0,
470,447,2024-03-20,Billing Problem,Medium,Escalated,1,3
471,448,2024-02-27,Plan Change,High,Pending,0,
472,448,2024-04-07,Service Outage,Medium,Escalated,0,
473,449,2024-01-09,Billing Problem,Critical,Closed,0,
474,449,2024-01-14,Plan Change,Low,Resolved,1,2
475,450,2024-06-20,Billing Problem,Medium,Pending,1,2
476,450,2024-04-06,Plan Change,Low,Pending,1,3
477,452,2024-05-07,Billing Problem,Medium,Pending,1,4
478,455,2024-03-25,Plan Change,Critical,Escalated,0,
479,455,2024-04-16,General Inquiry,Critical,Pending,0,
480,456,2024-05-13,Billing Problem,Medium,Pending,0,
481,456,2024-03-01,Network Issue,Medium,Closed,0,
482,457,2024-06-08,Plan Change,Low,Resolved,0,
483,458,2024-02-22,Network Issue,Medium,Pending,1,3
484,459,2024-01-27,Service Outage,Medium,Pending,0,
485,460,2024-04-24,Speed Issue,Medium,Resolved,1,6
486,462,2024-02-24,Billing Problem,Critical,Escalated,0,
487,463,2024-05-28,Service Outage,Critical,Resolved,0,
488,464,2024-06-21,Plan Change,Low,Resolved,1,5
489,464,2024-05-20,Service Outage,Critical,Resolved,1,6
490,465,2024-06-17,Network Issue,High,Resolved,0,
491,465,2024-04-25,Network Issue,Low,Escalated,0,
492,466,2024-06-20,Service Outage,Low,Pending,0,
493,467,2024-02-08,Service Outage,High,Pending,0,
494,468,2024-05-12,Speed Issue,Critical,Escalated,1,4
495,471,2024-05-27,Plan Change,Low,Closed,1,3
496,472,2024-01-05,General Inquiry,High,Resolved,0,
497,473,2024-04-23,Billing Problem,Medium,Closed,0,
498,473,2024-03-12,Service Outage,Medium,Closed,0,
499,473,2024-05-27,Network Issue,High,Resolved,0,
500,473,2024-05-24,Network Issue,Low,Closed,1,6
501,474,2024-06-15,Plan Change,Low,Pending,1,1
502,476,2024-06-03,Plan Change,High,Pending,1,7
503,476,2024-04-26,Service Outage,Critical,Pending,1,7
504,479,2024-01-05,Billing Problem,High,Resolved,1,7
505,480,2024-03-24,Service Outage,Low,Resolved,0,
506,481,2024-06-23,Plan Change,Critical,Pending,0,
507,481,2024-02-19,Service Outage,High,Closed,0,
508,481,2024-02-28,Plan Change,Medium,Closed,0,
509,483,2024-04-01,Billing Problem,High,Resolved,0,
510,483,2024-04-26,Network Issue,High,Closed,0,
511,484,2024-05-16,General Inquiry,Medium,Resolved,1,6
512,485,2024-06-15,Service Outage,Medium,Pending,0,
513,486,2024-04-22,Service Outage,High,Escalated,1,9
514,486,2024-06-18,Billing Problem,Low,Escalated,0,
515,488,2024-01-20,Speed Issue,Low,Pending,0,
516,488,2024-01-19,Service Outage,Low,Escalated,1,10
517,490,2024-05-14,Billing Problem,Medium,Pending,1,2
518,490,2024-04-01,General Inquiry,High,Escalated,0,
519,494,2024-01-11,Speed Issue,High,Resolved,0,
520,494,2024-06-02,Speed Issue,Medium,Resolved,1,8
521,494,2024-05-22,General Inquiry,Medium,Closed,1,10
522,497,2024-02-26,Speed Issue,High,Escalated,0,
523,497,2024-06-19,Speed Issue,Medium,Escalated,1,1
524,497,2024-01-24,Billing Problem,Medium,Escalated,1,5
525,498,2024-04-16,Speed Issue,Low,Resolved,0,
526,499,2024-04-28,Speed Issue,Low,Closed,1,8
527,500,2024-03-07,Network Issue,Medium,Resolved,1,10
528,502,2024-02-05,Billing Problem,High,Resolved,0,
529,502,2024-03-08,Plan Change,Medium,Pending,0,
530,503,2024-04-25,Service Outage,Critical,Pending,1,4
531,503,2024-05-21,General Inquiry,High,Pending,1,10
532,504,2024-02-10,Billing Problem,Critical,Escalated,1,4
533,507,2024-01-07,Billing Problem,Medium,Closed,0,
534,507,2024-04-22,Service Outage,Critical,Pending,1,4
535,508,2024-05-20,Network Issue,Medium,Closed,0,
536,508,2024-01-28,Billing Problem,High,Closed,0,
537,509,2024-03-03,Network Issue,Medium,Escalated,0,
538,512,2024-04-05,Plan Change,Medium,Resolved,0,
539,512,2024-02-07,Plan Change,Low,Resolved,1,7
540,512,2024-02-08,Billing Problem,Medium,Pending,1,3
541,512,2024-05-05,Speed Issue,Low,Closed,0,
542,514,2024-04-18,Plan Change,Low,Pending,0,
543,514,2024-02-27,General Inquiry,Critical,Closed,0,
544,514,2024-06-13,Plan Change,Low,Closed,0,
545,514,2024-03-12,Service Outage,High,Closed,1,9
546,515,2024-05-06,General Inquiry,Critical,Closed,1,10
547,516,2024-06-05,Plan Change,High,Closed,0,
548,516,2024-02-28,Network Issue,High,Pending,1,3
549,517,2024-03-18,Speed Issue,Low,Pending,0,
550,520,2024-02-23,General Inquiry,Low,Pending,0,
551,521,2024-04-27,Speed Issue,Critical,Closed,0,
552,521,2024-04-14,Speed Issue,Critical,Closed,1,10
553,526,2024-04-23,Network Issue,Critical,Resolved,0,
554,527,2024-04-13,General Inquiry,Medium,Resolved,1,3
555,528,2024-05-19,Service Outage,Medium,Resolved,0,
556,528,2024-05-28,General Inquiry,Medium,Escalated,1,4
557,528,2024-04-24,Network Issue,Low,Closed,1,8
558,529,2024-04-14,Speed Issue,Low,Escalated,1,7
559,531,2024-06-14,Service Outage,High,Pending,0,
560,532,2024-01-03,Network Issue,Low,Resolved,0,
561,532,2024-05-27,Plan Change,Medium,Resolved,0,
562,533,2024-03-23,Billing Problem,Low,Resolved,0,
563,533,2024-03-22,Plan Change,Medium,Pending,0,
564,535,2024-04-04,Service Outage,High,Escalated,1,2
565,535,2024-05-03,Billing Problem,High,Escalated,0,
566,535,2024-05-18,Service Outage,Low,Resolved,1,2
567,538,2024-02-25,General Inquiry,Critical,Pending,1,4
568,538,2024-02-28,General Inquiry,Critical,Closed,1,5
569,538,2024-03-01,General Inquiry,High,Closed,0,
570,540,2024-03-11,Network Issue,High,Escalated,1,6
571,541,2024-01-17,General Inquiry,Critical,Escalated,1,9
572,543,2024-01-22,General Inquiry,Medium,Escalated,0,
573,543,2024-06-21,Network Issue,High,Resolved,1,2
574,543,2024-06-19,Network Issue,Critical,Pending,1,3
575,548,2024-01-10,General Inquiry,Low,Resolved,0,
576,549,2024-06-05,General Inquiry,Low,Pending,0,
577,549,2024-04-11,Plan Change,Medium,Closed,1,1
578,551,2024-04-17,Billing Problem,Low,Resolved,0,
579,552,2024-02-16,Speed Issue,Medium,Pending,0,
580,554,2024-06-20,Plan Change,Medium,Resolved,1,2
581,554,2024-02-24,Billing Problem,Critical,Closed,1,4
582,556,2024-03-05,Speed Issue,Medium,Closed,0,
583,556,2024-04-14,General Inquiry,Medium,Pending,0,
584,558,2024-01-03,Speed Issue,Critical,Resolved,1,10
585,559,2024-04-11,Speed Issue,Low,Pending,0,
586,563,2024-02-24,Speed Issue,High,Closed,0,
587,563,2024-05-26,Speed Issue,Critical,Closed,0,
588,564,2024-05-21,General Inquiry,Critical,Escalated,0,
589,567,2024-05-07,Network Issue,Medium,Closed,0,
590,568,2024-01-07,Network Issue,High,Closed,1,4
591,568,2024-04-15,Plan Change,Low,Resolved,0,
592,568,2024-05-24,Service Outage,High,Closed,0,
593,568,2024-04-14,General Inquiry,Critical,Pending,1,6
594,570,2024-06-05,General Inquiry,Critical,Resolved,0,
595,573,2024-05-24,Speed Issue,Critical,Escalated,1,7
596,574,2024-03-11,Billing Problem,High,Escalated,1,7
597,575,2024-01-26,General Inquiry,Low,Closed,0,
598,577,2024-05-17,Network Issue,Critical,Escalated,0,
599,577,2024-01-05,Plan Change,High,Closed,1,6
600,579,2024-04-18,Speed Issue,High,Escalated,1,2
601,580,2024-03-24,Service Outage,Critical,Pending,0,
602,581,2024-01-24,Speed Issue,Medium,Escalated,0,
603,581,2024-06-08,Speed Issue,Medium,Escalated,1,7
604,581,2024-03-22,Speed Issue,Critical,Resolved,1,4
605,582,2024-04-22,General Inquiry,Medium,Closed,0,
606,583,2024-04-12,General Inquiry,Medium,Pending,1,5
607,587,2024-01-06,General Inquiry,Low,Closed,0,
608,587,2024-01-05,Plan Change,Medium,Pending,0,
609,588,2024-06-14,Network Issue,Low,Escalated,1,8
610,588,2024-03-11,General Inquiry,Critical,Pending,1,4
611,592,2024-01-04,Plan Change,Low,Closed,0,
612,592,2024-03-12,Speed Issue,Medium,Resolved,0,
613,592,2024-04-14,Speed Issue,Medium,Closed,1,4
614,594,2024-01-28,Speed Issue,Critical,Escalated,0,
615,595,2024-06-04,Plan Change,Critical,Resolved,1,9
616,595,2024-03-02,General Inquiry,Low,Escalated,0,
617,596,2024-04-11,Service Outage,High,Resolved,0,
618,597,2024-05-28,General Inquiry,Low,Pending,1,4
619,597,2024-02-09,Plan Change,Low,Closed,0,
620,597,2024-03-16,Plan Change,Critical,Resolved,0,
621,599,2024-05-02,General Inquiry,Low,Escalated,0,
622,600,2024-05-16,Plan Change,Medium,Closed,1,3
623,600,2024-02-27,Plan Change,Low,Pending,1,4
624,600,2024-01-16,Billing Problem,High,Closed,0,
625,600,2024-06-27,General Inquiry,Medium,Resolved,0,
626,601,2024-04-10,Network Issue,Low,Pending,1,6
627,601,2024-01-05,Speed Issue,Medium,Resolved,1,6
628,601,2024-01-19,Network Issue,Medium,Closed,1,9
629,604,2024-05-08,Network Issue,Critical,Escalated,0,
630,604,2024-06-09,Speed Issue,High,Pending,1,2
631,605,2024-02-25,Service Outage,Critical,Escalated,0,
632,605,2024-01-22,Billing Problem,Low,Escalated,0,
633,606,2024-05-08,General Inquiry,Low,Resolved,1,4
634,606,2024-05-03,Speed Issue,Medium,Closed,0,
635,607,2024-03-04,Plan Change,Medium,Resolved,0,
636,609,2024-03-03,Network Issue,Medium,Closed,0,
637,610,2024-04-11,General Inquiry,Critical,Closed,0,
638,612,2024-04-17,Network Issue,Low,Resolved,0,
639,612,2024-05-23,Service Outage,Low,Resolved,1,2
640,613,2024-02-04,Service Outage,Medium,Closed,1,8
641,613,2024-03-17,Service Outage,Medium,Pending,1,3
642,613,2024-04-28,Speed Issue,Medium,Pending,1,9
643,613,2024-05-15,General Inquiry,Low,Closed,1,7
644,614,2024-05-23,Billing Problem,High,Pending,0,
645,614,2024-06-18,Service Outage,Critical,Pending,1,2
646,615,2024-02-07,General Inquiry,Medium,Resolved,1,8
647,615,2024-03-22,Speed Issue,Low,Escalated,0,
648,617,2024-05-23,Plan Change,Low,Closed,0,
649,618,2024-05-27,Speed Issue,Critical,Closed,0,
650,618,2024-05-21,Billing Problem,High,Escalated,1,2
651,618,2024-01-03,Service Outage,Medium,Escalated,1,2
652,619,2024-03-18,Speed Issue,Medium,Pending,1,6
653,621,2024-06-11,Plan Change,Low,Resolved,1,5
654,624,2024-01-25,Billing Problem,Medium,Escalated,0,
655,624,2024-01-17,Billing Problem,High,Escalated,1,1
656,624,2024-02-22,Plan Change,Medium,Resolved,1,2
657,624,2024-04-04,General Inquiry,Low,Pending,1,5
658,625,2024-03-04,Network Issue,Critical,Escalated,1,5
659,628,2024-02-04,Plan Change,Medium,Resolved,1,2
660,631,2024-01-13,Billing Problem,Medium,Pending,0,
661,632,2024-04-03,Billing Problem,Critical,Pending,0,
662,633,2024-01-06,Speed Issue,Medium,Closed,0,
663,636,2024-05-03,Speed Issue,High,Resolved,1,9
664,637,2024-02-12,Plan Change,Critical,Resolved,0,
665,637,2024-01-27,General Inquiry,Critical,Pending,0,
666,638,2024-01-09,Service Outage,Low,Escalated,0,
667,638,2024-04-11,Plan Change,Low,Closed,0,
668,638,2024-05-27,Billing Problem,Critical,Escalated,1,3
669,638,2024-05-17,General Inquiry,Critical,Escalated,1,10
670,640,2024-01-05,General Inquiry,Low,Pending,0,
671,641,2024-05-17,Billing Problem,High,Escalated,1,3
672,642,2024-06-01,Service Outage,Medium,Pending,1,2
673,642,2024-03-21,General Inquiry,High,Closed,0,
674,643,2024-03-04,Network Issue,Critical,Escalated,1,1
675,645,2024-05-25,Service Outage,Low,Closed,1,3
676,646,2024-01-13,General Inquiry,High,Resolved,0,
677,646,2024-05-21,General Inquiry,Medium,Resolved,0,
678,646,2024-04-10,General Inquiry,High,Closed,1,6
679,647,2024-03-16,Plan Change,High,Resolved,1,3
680,647,2024-03-27,Service Outage,High,Resolved,0,
681,647,2024-06-08,Billing Problem,High,Closed,0,
682,648,2024-05-13,General Inquiry,Critical,Closed,0,
683,650,2024-02-25,Plan Change,Critical,Pending,1,1
684,650,2024-04-13,Service Outage,Low,Resolved,0,
685,650,2024-05-09,Service Outage,Critical,Escalated,1,10
686,651,2024-05-28,Speed Issue,Medium,Closed,0,
687,654,2024-04-26,Plan Change,Medium,Closed,0,
688,655,2024-05-24,Service Outage,Critical,Closed,1,5
689,655,2024-01-24,General Inquiry,Critical,Closed,1,3
690,655,2024-04-11,Billing Problem,Low,Resolved,1,3
691,655,2024-04-24,General Inquiry,Low,Escalated,0,
692,658,2024-04-18,Plan Change,Low,Pending,0,
693,659,2024-02-16,Plan Change,Low,Escalated,1,1
694,659,2024-02-06,Network Issue,Critical,Resolved,1,10
695,659,2024-03-17,Speed Issue,Medium,Escalated,0,
696,659,2024-05-15,Service Outage,Medium,Escalated,1,5
697,660,2024-02-01,Plan Change,Low,Escalated,0,
698,660,2024-06-13,Billing Problem,High,Resolved,1,1
699,660,2024-03-05,General Inquiry,Medium,Closed,1,9
700,660,2024-06-16,Speed Issue,Low,Pending,1,7
701,661,2024-06-07,Speed Issue,Low,Pending,1,3
702,662,2024-03-16,General Inquiry,Medium,Escalated,0,
703,665,2024-04-22,Service Outage,Low,Resolved,0,
704,666,2024-06-09,Service Outage,Critical,Closed,0,
705,667,2024-04-26,Plan Change,Medium,Closed,1,5
706,669,2024-01-13,General Inquiry,Low,Closed,1,9
707,671,2024-04-11,Service Outage,Low,Pending,1,2
708,671,2024-01-18,Service Outage,Low,Resolved,0,
709,671,2024-01-22,General Inquiry,Medium,Pending,0,
710,671,2024-02-02,Billing Problem,High,Closed,0,
711,672,2024-03-02,Plan Change,Medium,Closed,1,2
712,672,2024-03-09,Speed Issue,High,Resolved,1,10
713,674,2024-02-03,Speed Issue,Critical,Pending,1,1
714,674,2024-01-23,Billing Problem,High,Pending,0,
715,675,2024-06-04,Speed Issue,Low,Closed,0,
716,675,2024-05-26,Service Outage,Medium,Closed,0,
717,675,2024-06-27,General Inquiry,Critical,Escalated,0,
718,677,2024-06-13,Plan Change,High,Pending,0,
719,677,2024-03-25,General Inquiry,Medium,Escalated,0,
720,678,2024-03-10,Plan Change,Critical,Closed,1,4
721,678,2024-06-14,General Inquiry,Low,Resolved,1,9
722,679,2024-01-15,Network Issue,Medium,Escalated,1,5
723,681,2024-03-06,Network Issue,Medium,Escalated,1,10
724,681,2024-01-07,Service Outage,Medium,Escalated,0,
725,681,2024-04-06,Service Outage,Critical,Escalated,1,10
726,681,2024-04-16,Service Outage,High,Pending,1,9
727,682,2024-05-01,Network Issue,Low,Escalated,1,10
728,682,2024-04-25,Speed Issue,Critical,Resolved,0,
729,683,2024-04-15,Network Issue,Low,Resolved,0,
730,684,2024-05-09,Plan Change,High,Escalated,1,7
731,685,2024-02-14,Plan Change,Critical,Closed,0,
732,685,2024-06-09,Network Issue,Critical,Pending,0,
733,687,2024-04-02,Billing Problem,Critical,Resolved,0,
734,688,2024-01-01,Service Outage,High,Resolved,1,6
735,689,2024-01-18,Plan Change,High,Pending,1,5
736,689,2024-02-06,General Inquiry,Low,Escalated,0,
737,691,2024-05-27,Network Issue,High,Resolved,1,4
738,691,2024-04-05,General Inquiry,Medium,Pending,0,
739,692,2024-03-12,Speed Issue,Medium,Closed,1,10
740,693,2024-04-14,Billing Problem,Medium,Closed,1,2
741,694,2024-04-26,Billing Problem,Low,Escalated,1,6
742,695,2024-01-02,Speed Issue,High,Pending,1,1
743,695,2024-01-04,Speed Issue,Medium,Pending,0,
744,695,2024-02-13,Speed Issue,Low,Resolved,0,
745,695,2024-06-22,General Inquiry,Medium,Pending,0,
746,696,2024-02-15,Plan Change,High,Resolved,1,7
747,698,2024-05-13,Plan Change,Low,Resolved,1,8
748,698,2024-01-28,General Inquiry,Medium,Escalated,1,6
749,698,2024-03-21,Speed Issue,High,Pending,1,7
750,699,2024-02-27,Billing Problem,Critical,Escalated,1,4
751,701,2024-01-14,Billing Problem,High,Escalated,1,9
752,701,2024-03-05,Service Outage,Critical,Pending,1,6
753,701,2024-06-08,Service Outage,Critical,Resolved,0,
754,701,2024-04-24,Speed Issue,Low,Resolved,0,
755,702,2024-02-09,Billing Problem,Critical,Closed,0,
756,703,2024-06-21,Billing Problem,Low,Escalated,0,
757,703,2024-06-09,Service Outage,Low,Resolved,0,
758,703,2024-03-23,General Inquiry,Medium,Pending,0,
759,705,2024-04-27,Network Issue,Low,Closed,0,
760,706,2024-05-27,Billing Problem,Medium,Resolved,0,
761,709,2024-05-03,Service Outage,High,Pending,1,8
762,709,2024-02-22,Speed Issue,Medium,Closed,0,
763,709,2024-03-08,Plan Change,Low,Resolved,1,4
764,709,2024-03-02,Plan Change,Medium,Escalated,1,8
765,710,2024-05-18,General Inquiry,Critical,Resolved,0,
766,710,2024-02-25,General Inquiry,Medium,Closed,0,
767,710,2024-02-17,Speed Issue,Low,Resolved,1,6
768,711,2024-04-22,Network Issue,Low,Escalated,1,5
769,711,2024-02-19,Plan Change,Low,Resolved,0,
770,713,2024-01-15,Speed Issue,Low,Pending,0,
771,713,2024-05-17,General Inquiry,High,Closed,0,
772,715,2024-05-23,Service Outage,Critical,Pending,0,
773,716,2024-04-21,Billing Problem,Medium,Escalated,0,
774,717,2024-03-15,Service Outage,Critical,Escalated,0,
775,717,2024-01-08,Plan Change,Low,Closed,0,
776,717,2024-05-25,Speed Issue,High,Closed,1,2
777,718,2024-06-07,General Inquiry,Medium,Pending,1,1
778,718,2024-02-17,Network Issue,Critical,Resolved,0,
779,721,2024-04-16,Service Outage,Critical,Escalated,1,9
780,722,2024-03-20,Billing Problem,Low,Closed,1,9
781,722,2024-06-13,General Inquiry,Medium,Resolved,0,
782,722,2024-03-20,Billing Problem,Medium,Pending,1,5
783,723,2024-06-23,General Inquiry,Medium,Resolved,0,
784,725,2024-01-03,Plan Change,Critical,Closed,0,
785,725,2024-02-08,Network Issue,High,Closed,0,
786,725,2024-01-17,Network Issue,Medium,Escalated,1,6
787,726,2024-02-21,Service Outage,Critical,Pending,1,5
788,726,2024-05-09,General Inquiry,Medium,Closed,1,4
789,726,2024-01-27,Service Outage,Low,Closed,1,2
790,726,2024-06-05,Service Outage,Low,Closed,1,5
791,727,2024-03-09,Speed Issue,Medium,Closed,1,4
792,727,2024-03-23,General Inquiry,Critical,Escalated,0,
793,727,2024-03-10,Speed Issue,Critical,Closed,1,8
794,729,2024-04-03,Service Outage,High,Escalated,0,
795,732,2024-04-15,Billing Problem,Low,Pending,0,
796,733,2024-04-12,Service Outage,Low,Pending,1,2
797,733,2024-02-01,Plan Change,Low,Escalated,0,
798,734,2024-01-22,General Inquiry,High,Escalated,1,6
799,734,2024-01-16,Service Outage,High,Pending,0,
800,734,2024-02-28,Plan Change,High,Resolved,1,10
801,735,2024-04-18,Network Issue,High,Escalated,1,4
802,735,2024-03-02,Service Outage,Medium,Escalated,0,
803,735,2024-05-27,Service Outage,High,Escalated,1,2
804,736,2024-04-21,Plan Change,Low,Pending,0,
805,736,2024-02-09,Network Issue,Medium,Escalated,0,
806,737,2024-03-16,General Inquiry,Critical,Closed,0,
807,739,2024-01-18,Speed Issue,Medium,Resolved,1,7
808,739,2024-05-14,Speed Issue,High,Closed,1,3
809,739,2024-01-16,Speed Issue,Low,Closed,0,
810,742,2024-06-27,Service Outage,Low,Resolved,0,
811,742,2024-01-07,Plan Change,Critical,Pending,1,3
812,742,2024-02-04,Speed Issue,Low,Resolved,0,
813,743,2024-03-02,Service Outage,High,Closed,1,4
814,743,2024-06-20,Billing Problem,Medium,Pending,0,
815,743,2024-05-21,Plan Change,Critical,Resolved,0,
816,745,2024-06-03,Speed Issue,Medium,Resolved,1,8
817,745,2024-04-22,Billing Problem,Medium,Resolved,0,
818,747,2024-06-14,General Inquiry,Medium,Closed,1,5
819,747,2024-04-11,Service Outage,Medium,Closed,0,
820,749,2024-06-22,Speed Issue,Critical,Escalated,0,
821,751,2024-02-22,General Inquiry,High,Resolved,1,1
822,754,2024-03-21,General Inquiry,Low,Pending,0,
823,755,2024-04-24,Billing Problem,Low,Pending,1,9
824,755,2024-03-07,Plan Change,Critical,Closed,1,2
825,756,2024-01-11,Plan Change,Medium,Closed,1,5
826,757,2024-06-13,Speed Issue,High,Escalated,1,1
827,757,2024-05-13,Billing Problem,Low,Pending,1,9
828,759,2024-06-20,Plan Change,High,Escalated,0,
829,760,2024-04-07,Service Outage,Medium,Escalated,1,3
830,760,2024-02-07,Speed Issue,Critical,Resolved,0,
831,760,2024-03-12,Speed Issue,Low,Closed,1,5
832,762,2024-03-21,Service Outage,Low,Escalated,0,
833,762,2024-04-04,General Inquiry,Low,Escalated,1,10
834,762,2024-06-15,Speed Issue,Low,Pending,1,4
835,762,2024-05-16,Plan Change,Low,Escalated,0,
836,763,2024-05-20,General Inquiry,Critical,Closed,1,7
837,763,2024-01-02,General Inquiry,Low,Closed,0,
838,763,2024-03-27,Speed Issue,Medium,Closed,0,
839,765,2024-03-12,Plan Change,High,Resolved,0,
840,766,2024-02-28,Service Outage,Medium,Closed,1,3
841,767,2024-06-14,General Inquiry,Medium,Resolved,1,3
842,769,2024-01-02,Billing Problem,Critical,Pending,0,
843,769,2024-02-08,Network Issue,Medium,Pending,1,6
844,770,2024-04-08,Network Issue,Medium,Closed,1,10
845,771,2024-05-12,Speed Issue,High,Escalated,1,8
846,771,2024-01-17,Plan Change,Critical,Escalated,0,
847,771,2024-01-22,Speed Issue,Critical,Escalated,1,1
848,772,2024-06-17,Speed Issue,Low,Closed,1,8
849,772,2024-04-13,Plan Change,Low,Closed,0,
850,772,2024-01-23,Speed Issue,High,Escalated,1,8
851,773,2024-04-18,Speed Issue,Critical,Escalated,1,10
852,774,2024-04-01,Service Outage,Medium,Pending,0,
853,775,2024-05-17,General Inquiry,Medium,Resolved,0,
854,776,2024-06-22,Plan Change,High,Resolved,0,
855,777,2024-01-23,Network Issue,High,Resolved,0,
856,778,2024-01-24,Billing Problem,Critical,Closed,1,7
857,778,2024-06-02,General Inquiry,Low,Closed,1,1
858,779,2024-04-14,Billing Problem,Critical,Pending,1,7
859,779,2024-02-21,Service Outage,Medium,Closed,0,
860,781,2024-06-10,General Inquiry,Critical,Closed,0,
861,781,2024-04-25,Plan Change,Medium,Resolved,0,
862,781,2024-02-04,Plan Change,High,Escalated,1,2
863,782,2024-04-02,General Inquiry,Critical,Pending,1,7
864,784,2024-06-12,Network Issue,High,Closed,1,5
865,784,2024-04-12,Billing Problem,High,Escalated,0,
866,787,2024-03-08,General Inquiry,High,Resolved,1,3
867,787,2024-03-12,Speed Issue,Low,Pending,1,5
868,787,2024-05-08,Network Issue,High,Resolved,1,9
869,788,2024-02-01,Plan Change,Medium,Closed,0,
870,789,2024-01-02,General Inquiry,Low,Escalated,0,
871,790,2024-05-27,General Inquiry,Low,Escalated,0,
872,791,2024-04-14,Service Outage,Low,Closed,0,
873,791,2024-02-22,Billing Problem,Low,Escalated,1,4
874,791,2024-03-15,Plan Change,High,Closed,0,
875,793,2024-03-19,Network Issue,High,Resolved,1,2
876,793,2024-02-15,Service Outage,Medium,Resolved,0,
877,796,2024-05-10,Speed Issue,Critical,Closed,0,
878,797,2024-04-08,Speed Issue,Low,Resolved,0,
879,799,2024-05-23,Service Outage,Medium,Closed,1,5
880,799,2024-06-20,Service Outage,Medium,Escalated,0,
881,799,2024-03-15,General Inquiry,High,Escalated,1,6
882,800,2024-04-14,Billing Problem,High,Resolved,1,2
883,800,2024-02-23,Service Outage,Medium,Resolved,1,5
884,800,2024-05-18,General Inquiry,Low,Escalated,1,4
885,804,2024-04-09,General Inquiry,Critical,Resolved,0,
886,805,2024-03-28,General Inquiry,Low,Resolved,0,
887,805,2024-02-07,Speed Issue,Low,Closed,1,1
888,806,2024-05-27,Plan Change,High,Closed,1,10
889,806,2024-02-13,Network Issue,Medium,Resolved,0,
890,808,2024-04-14,General Inquiry,Medium,Pending,0,
891,812,2024-02-28,Plan Change,High,Closed,0,
892,813,2024-01-26,Network Issue,Low,Closed,0,
893,814,2024-01-12,Network Issue,Critical,Resolved,0,
894,815,2024-04-03,General Inquiry,Low,Escalated,0,
895,816,2024-06-20,Speed Issue,Critical,Escalated,0,
896,817,2024-03-27,Plan Change,Low,Resolved,0,
897,817,2024-06-21,Speed Issue,Medium,Escalated,0,
898,818,2024-03-16,Service Outage,Low,Pending,1,2
899,818,2024-05-09,Billing Problem,High,Resolved,0,
900,819,2024-04-17,General Inquiry,High,Escalated,0,
901,820,2024-02-27,Service Outage,High,Escalated,1,7
902,820,2024-02-08,Speed Issue,Critical,Escalated,1,4
903,824,2024-05-21,Plan Change,Medium,Escalated,1,8
904,824,2024-04-28,Service Outage,Medium,Resolved,0,
905,826,2024-03-03,Billing Problem,Low,Escalated,0,
906,827,2024-02-07,Plan Change,Critical,Escalated,1,8
907,827,2024-01-13,Service Outage,Critical,Closed,1,7
908,827,2024-03-15,Billing Problem,High,Closed,1,10
909,828,2024-04-25,General Inquiry,Low,Resolved,0,
910,829,2024-04-05,Billing Problem,High,Closed,1,5
911,830,2024-01-16,Network Issue,Low,Escalated,1,4
912,832,2024-02-24,Service Outage,Low,Closed,0,
913,834,2024-03-14,Plan Change,High,Resolved,1,8
914,834,2024-05-15,General Inquiry,Critical,Closed,1,7
915,834,2024-05-10,Speed Issue,Medium,Resolved,0,
916,836,2024-06-20,Billing Problem,Medium,Closed,1,9
917,836,2024-06-26,Plan Change,Medium,Escalated,0,
918,836,2024-02-11,Network Issue,Critical,Pending,0,
919,838,2024-06-03,Plan Change,Critical,Closed,1,4
920,838,2024-03-15,Plan Change,Low,Resolved,1,10
921,838,2024-02-24,Speed Issue,Critical,Pending,1,10
922,840,2024-05-03,Plan Change,Low,Resolved,1,1
923,840,2024-04-26,Billing Problem,High,Pending,1,7
924,841,2024-02-13,Network Issue,High,Escalated,1,6
925,841,2024-04-27,General Inquiry,Medium,Resolved,0,
926,841,2024-03-28,Network Issue,Low,Resolved,1,2
927,846,2024-04-13,Plan Change,Low,Escalated,1,3
928,849,2024-02-28,Speed Issue,Critical,Closed,0,
929,849,2024-02-07,Billing Problem,Medium,Pending,1,2
930,851,2024-05-21,General Inquiry,Medium,Closed,0,
931,852,2024-06-04,Billing Problem,High,Resolved,1,4
932,855,2024-05-15,Service Outage,Medium,Closed,1,5
933,856,2024-04-09,Network Issue,Critical,Closed,0,
934,856,2024-06-22,Service Outage,Medium,Resolved,1,8
935,856,2024-06-08,Billing Problem,Medium,Resolved,0,
936,857,2024-05-10,Network Issue,Low,Closed,1,9
937,857,2024-05-09,Service Outage,Medium,Pending,1,6
938,857,2024-06-27,Plan Change,Critical,Resolved,1,9
939,858,2024-04-14,Plan Change,Critical,Resolved,0,
940,859,2024-03-13,General Inquiry,Medium,Escalated,0,
941,859,2024-06-18,Speed Issue,High,Closed,1,5
942,860,2024-06-06,Service Outage,Critical,Closed,0,
943,860,2024-02-21,Plan Change,High,Pending,1,9
944,860,2024-01-16,Plan Change,Critical,Resolved,1,1
945,861,2024-02-06,Service Outage,Medium,Closed,1,5
946,861,2024-05-01,Network Issue,Critical,Closed,1,2
947,861,2024-01-21,General Inquiry,Medium,Closed,0,
948,862,2024-04-24,Service Outage,Medium,Closed,1,4
949,863,2024-01-26,Billing Problem,Critical,Escalated,1,10
950,864,2024-04-08,Speed Issue,High,Resolved,1,10
951,864,2024-05-07,Speed Issue,Medium,Resolved,0,
952,864,2024-01-04,General Inquiry,High,Closed,0,
953,866,2024-04-13,Plan Change,Medium,Closed,0,
954,866,2024-05-14,Service Outage,Low,Closed,1,8
955,867,2024-01-09,Speed Issue,High,Resolved,1,6
956,869,2024-03-19,Network Issue,High,Pending,0,
957,871,2024-03-28,Speed Issue,High,Resolved,0,
958,872,2024-04-09,Plan Change,Medium,Escalated,1,1
959,874,2024-02-01,General Inquiry,Low,Escalated,1,2
960,874,2024-03-24,Speed Issue,Low,Closed,1,1
961,875,2024-02-14,Speed Issue,Medium,Resolved,1,5
962,875,2024-06-20,Speed Issue,High,Escalated,1,6
963,875,2024-03-02,Plan Change,High,Resolved,0,
964,877,2024-05-21,General Inquiry,Low,Escalated,0,
965,879,2024-04-04,Billing Problem,Critical,Escalated,1,4
966,881,2024-02-20,Billing Problem,Medium,Escalated,0,
967,883,2024-01-27,Service Outage,Low,Pending,1,2
968,884,2024-05-24,Billing Problem,Low,Closed,1,6
969,888,2024-05-16,Service Outage,High,Pending,1,10
970,890,2024-04-27,Service Outage,Medium,Pending,1,4
971,890,2024-06-06,General Inquiry,Critical,Closed,1,10
972,891,2024-06-03,Speed Issue,Critical,Pending,1,8
973,891,2024-03-01,General Inquiry,Critical,Resolved,1,9
974,893,2024-01-21,Service Outage,Medium,Pending,1,9
975,895,2024-06-17,Network Issue,High,Resolved,1,8
976,895,2024-05-06,Speed Issue,Critical,Closed,0,
977,897,2024-02-10,Network Issue,Low,Pending,1,8
978,898,2024-02-08,Plan Change,High,Closed,1,9
979,900,2024-06-21,Speed Issue,Critical,Pending,0,
980,902,2024-05-19,General Inquiry,Critical,Resolved,0,
981,902,2024-05-02,Service Outage,Low,Escalated,0,
982,904,2024-06-19,Network Issue,Low,Closed,0,
983,904,2024-05-10,General Inquiry,Medium,Resolved,0,
984,904,2024-04-11,Service Outage,High,Pending,1,10
985,904,2024-05-04,Plan Change,Low,Resolved,0,
986,907,2024-03-01,Service Outage,High,Resolved,0,
987,907,2024-03-19,General Inquiry,Critical,Escalated,0,
988,907,2024-02-19,Network Issue,Medium,Escalated,1,4
989,908,2024-01-04,Plan Change,Low,Resolved,0,
990,908,2024-02-06,Network Issue,Low,Escalated,0,
991,915,2024-03-03,General Inquiry,Medium,Closed,0,
992,915,2024-01-15,Service Outage,Medium,Pending,0,
993,916,2024-04-07,Speed Issue,Critical,Escalated,0,
994,916,2024-06-12,Speed Issue,Low,Closed,0,
995,916,2024-04-28,Speed Issue,Critical,Pending,1,6
996,917,2024-04-03,Service Outage,Medium,Closed,0,
997,918,2024-06-06,General Inquiry,Critical,Resolved,1,3
998,918,2024-03-12,Billing Problem,Medium,Closed,0,
999,918,2024-01-06,Network Issue,Medium,Escalated,0,
1000,919,2024-04-21,Plan Change,Low,Closed,0,
1001,919,2024-03-08,Plan Change,High,Pending,1,10
1002,919,2024-05-24,Billing Problem,Medium,Pending,1,10
1003,919,2024-04-06,General Inquiry,High,Escalated,0,
1004,921,2024-05-08,Service Outage,Low,Pending,1,6
1005,922,2024-03-07,Service Outage,High,Resolved,0,
1006,922,2024-04-20,Plan Change,Low,Escalated,0,
1007,925,2024-01-20,General Inquiry,High,Closed,0,
1008,925,2024-01-22,Billing Problem,Low,Pending,0,
1009,926,2024-04-03,Plan Change,Critical,Escalated,1,4
1010,929,2024-06-26,Service Outage,Medium,Closed,0,
1011,929,2024-01-20,Speed Issue,Critical,Escalated,1,5
1012,929,2024-05-16,Service Outage,Low,Closed,1,5
1013,930,2024-03-01,Speed Issue,Low,Closed,0,
1014,930,2024-05-23,Speed Issue,Medium,Escalated,1,6
1015,930,2024-04-28,Network Issue,Medium,Escalated,1,9
1016,931,2024-06-12,Speed Issue,Critical,Resolved,1,6
1017,933,2024-02-18,Network Issue,High,Closed,1,5
1018,934,2024-01-01,Plan Change,High,Resolved,1,4
1019,935,2024-05-18,Network Issue,Medium,Resolved,1,1
1020,936,2024-06-13,Plan Change,High,Pending,0,
1021,937,2024-03-05,Plan Change,Medium,Resolved,0,
1022,938,2024-05-21,Speed Issue,Critical,Closed,1,6
1023,938,2024-01-08,General Inquiry,Medium,Escalated,1,10
1024,938,2024-06-19,General Inquiry,High,Escalated,1,6
1025,939,2024-06-07,Network Issue,Medium,Closed,0,
1026,941,2024-06-16,General Inquiry,Low,Resolved,0,
1027,941,2024-05-12,General Inquiry,Low,Escalated,1,1
1028,942,2024-01-19,Plan Change,Low,Closed,0,
1029,942,2024-06-17,Billing Problem,High,Pending,0,
1030,945,2024-04-28,Network Issue,Medium,Closed,0,
1031,945,2024-03-04,Service Outage,Critical,Closed,0,
1032,946,2024-01-26,Plan Change,Medium,Pending,0,
1033,947,2024-06-16,General Inquiry,Medium,Pending,1,9
1034,949,2024-06-28,Plan Change,High,Resolved,0,
1035,951,2024-03-23,Speed Issue,Critical,Resolved,0,
1036,952,2024-02-25,Service Outage,Medium,Escalated,1,4
1037,952,2024-04-12,General Inquiry,High,Closed,1,6
1038,952,2024-03-17,Service Outage,High,Escalated,0,
1039,954,2024-04-04,Speed Issue,Medium,Escalated,0,
1040,955,2024-05-12,Plan Change,Critical,Escalated,1,6
1041,955,2024-05-28,Network Issue,Medium,Escalated,1,6
1042,955,2024-02-02,Service Outage,Medium,Escalated,0,
1043,956,2024-02-17,General Inquiry,Low,Resolved,0,
1044,957,2024-03-24,General Inquiry,High,Closed,1,1
1045,958,2024-05-03,Plan Change,Medium,Closed,1,10
1046,959,2024-02-07,Billing Problem,High,Pending,1,3
1047,959,2024-03-08,Network Issue,Low,Escalated,0,
1048,959,2024-06-03,Plan Change,Low,Resolved,0,
1049,963,2024-06-20,General Inquiry,Medium,Pending,0,
1050,964,2024-06-21,Speed Issue,Medium,Resolved,1,8
1051,966,2024-05-24,Speed Issue,Medium,Resolved,0,
1052,968,2024-03-04,Speed Issue,Medium,Closed,1,2
1053,970,2024-02-27,General Inquiry,Critical,Resolved,0,
1054,971,2024-04-20,Plan Change,Medium,Escalated,1,8
1055,971,2024-05-03,Network Issue,Critical,Resolved,1,8
1056,973,2024-04-10,Speed Issue,Low,Closed,1,6
1057,973,2024-02-09,Billing Problem,Critical,Resolved,0,
1058,975,2024-01-01,Billing Problem,Medium,Resolved,0,
1059,977,2024-05-11,Service Outage,High,Pending,0,
1060,977,2024-03-15,Service Outage,Medium,Resolved,1,10
1061,977,2024-06-09,Billing Problem,Low,Resolved,0,
1062,977,2024-03-19,Billing Problem,Critical,Closed,0,
1063,978,2024-05-07,General Inquiry,High,Escalated,0,
1064,980,2024-06-08,Service Outage,Critical,Pending,1,1
1065,981,2024-06-17,Billing Problem,High,Escalated,1,7
1066,988,2024-04-17,Service Outage,Medium,Escalated,0,
1067,989,2024-02-01,Billing Problem,Medium,Pending,0,
1068,989,2024-01-12,Network Issue,High,Closed,0,
1069,989,2024-04-03,Service Outage,Low,Escalated,1,8
1070,994,2024-01-28,General Inquiry,High,Closed,0,
1071,996,2024-03-24,Plan Change,High,Resolved,0,
1072,996,2024-05-21,Network Issue,Critical,Pending,1,3
1073,996,2024-03-15,Service Outage,Medium,Resolved,1,3
1074,996,2024-06-17,Service Outage,Medium,Escalated,0,
1075,997,2024-01-10,General Inquiry,High,Escalated,1,3
